50,16
112,-112
222,-240
196,-142
146,-15
18,-2
-110,102
-24,156
6,222
30,340
-4,350
-6,222
0,94
-44,-2
-58,-14
-48,-6
-72,-20
-78,-12
-90,-28
-68,-12
-86,-32
-98,-22
-86,-34
-102,-38
-128,-38
-82,-42
-136,-56
-118,-50
-136,-62
-110,-80
-138,-68
-128,-92
-102,-94
-124,-96
-50,-108
-74,-114
-24,-100
-16,-104
24,-100
40,-92
60,-76
58,-72
90,-58
100,-36
92,-40
104,-20
92,-18
114,-16
66,-8
106,-16
82,-10
90,10
72,-2
78,0
70,0
84,-8
86,4
70,8
94,2
78,2
76,8
70,10
86,2
54,-2
86,16
66,2
60,4
70,4
58,-4
46,-2
64,-2
62,4
42,12
90,14
76,30
92,30
76,12
86,20
40,-6
80,0
48,-16
30,-6
32,-18
52,-12
2,-24
54,6
24,-10
20,0
30,-16
14,-8
36,-8
20,-6
22,-8
14,-12
26,-4
36,-4
42,34
134,50
144,24
228,-68
355,-144
250,-17
210,74
82,112
-10,184
10,248
-20,324
-44,386
-28,274
-40,146
-22,18
-124,-16
-86,-20
-132,-14
-148,-22
-150,-18
-166,-18
-184,-36
-196,-32
-220,-30
-232,-54
-288,-66
-254,-58
-260,-80
-258,-88
-242,-92
-230,-102
-212,-110
-160,-98
-110,-96
-46,-80
-38,-64
4,-56
44,-42
82,-18
86,-14
90,-10
94,14
88,6
114,6
88,8
104,18
108,20
118,26
92,24
90,26
98,24
72,36
42,32
116,18
132,10
118,0
112,-14
82,-4
76,-10
78,10
74,8
94,10
92,12
82,18
16,0
98,-128
225,-232
188,-105
172,22
44,30
-84,134
-66,190
20,264
-12,368
-22,356
-20,228
-26,100
-60,-2
-82,-10
-64,-18
-130,-10
-84,-30
-116,-34
-118,-36
-108,-14
-116,-26
-150,-38
-148,-38
-160,-36
-132,-44
-180,-42
-182,-74
-196,-68
-150,-64
-198,-76
-170,-90
-182,-100
-134,-100
-138,-118
-122,-102
-64,-98
-46,-114
-26,-88
10,-94
20,-68
18,-56
46,-44
66,-30
40,-18
68,-14
62,10
26,-8
34,-4
66,6
16,12
28,2
14,2
12,12
38,10
20,8
18,18
14,-6
10,6
32,32
28,2
-6,2
22,6
4,6
38,14
-2,8
-4,2
2,4
-4,2
20,8
-16,10
-12,10
4,18
26,16
58,44
20,18
28,6
-24,4
18,-14
-10,-6
-44,-8
-18,-16
-30,-28
-68,-20
-6,-4
-48,-8
-44,-6
-48,-20
-34,-4
-34,-4
-42,-16
-42,-8
-44,-2
-36,-10
-46,20
-10,30
-134,60
-262,-16
-158,-14
-174,-16
-178,-20
-182,-30
-192,-20
-198,-14
-190,-14
-206,-18
-212,-12
-214,-12
-232,-20
-252,-20
-256,-26
-274,-40
-300,-30
-286,-44
-300,-48
-288,-42
-266,-44
-228,-38
-210,-28
-148,-26
-94,-14
-78,-6
-44,-2
-36,10
-12,10
2,28
18,20
-14,28
-8,22
-14,18
-12,28
-16,38
-6,28
-52,48
-16,44
-38,44
-34,64
20,32
28,18
38,14
14,14
-22,-2
-18,8
-24,10
14,12
-2,14
-4,40
-4,2
92,-104
178,-232
208,-124
122,3
-6,2
-134,118
-64,174
-44,244
-88,348
-36,360
-100,232
-44,104
-106,-2
-108,-6
-88,-18
-118,-12
-118,-26
-108,-26
-116,-16
-134,-30
-134,-28
-144,-26
-136,-36
-156,-34
-154,-36
-166,-48
-174,-54
-186,-56
-156,-66
-172,-72
-156,-76
-158,-98
-128,-96
-114,-100
-72,-96
-52,-106
-46,-92
4,-82
18,-74
28,-60
54,-52
60,-34
68,-24
66,-24
58,-16
60,-6
64,2
46,2
36,6
48,10
32,6
28,10
26,10
28,12
26,12
24,8
24,12
26,22
20,14
18,6
6,12
30,12
-2,4
6,8
14,10
12,10
-14,8
-8,0
-6,2
-8,10
-12,6
14,18
42,42
24,42
16,24
6,16
-4,-6
-10,-2
-32,-2
-30,-20
-42,-18
-44,-12
-40,-4
-32,-6
-40,6
-40,-4
-44,0
-50,0
-38,2
-40,-2
-46,6
-44,-2
-30,6
76,30
62,8
188,-98
315,-152
218,-25
144,40
16,86
-100,160
-32,224
-24,296
-102,362
-106,280
-68,152
-68,24
-146,-48
-178,-38
-106,-46
-170,-46
-170,-46
-174,-54
-174,-48
-184,-52
-208,-64
-230,-72
-236,-80
-224,-80
-196,-96
-212,-126
-230,-104
-182,-124
-198,-132
-134,-132
-114,-134
-46,-130
-28,-114
-10,-94
40,-92
32,-70
58,-66
54,-52
114,-26
48,-18
98,-4
82,-6
82,10
2,2
76,-10
50,-18
90,-26
42,-14
6,-26
40,-10
46,-2
60,-18
62,-12
74,-24
92,14
86,-12
74,28
50,8
138,-36
236,-138
310,-14
224,113
96,66
-26,148
16,196
-34,268
-30,344
-36,312
-16,184
-12,56
-104,-10
-84,-8
-106,-14
-124,-24
-156,-26
-166,-24
-148,-20
-158,-46
-204,-54
-244,-66
-208,-80
-252,-90
-218,-88
-184,-118
-198,-114
-162,-112
-114,-128
-80,-114
-48,-110
10,-96
44,-78
66,-66
78,-52
110,-50
114,-30
118,-28
126,-4
124,2
116,8
124,18
118,28
132,32
94,28
78,52
88,38
130,22
144,4
132,-10
72,4
104,-2
72,4
132,12
106,-2
96,8
122,22
16,10
44,-40
148,-168
250,-256
122,-129
68,-2
-60,74
-72,154
-6,204
28,310
-14,358
-20,244
-8,116
-54,-2
-94,-10
-70,-24
-96,-26
-88,-26
-90,-26
-104,-22
-98,-28
-122,-38
-118,-28
-138,-46
-118,-40
-152,-52
-170,-54
-174,-60
-134,-58
-182,-72
-164,-76
-170,-86
-156,-92
-138,-106
-122,-98
-86,-102
-76,-102
-54,-102
-34,-94
28,-84
0,-68
40,-64
44,-54
50,-34
58,-30
70,-16
40,-16
68,-14
46,-6
56,2
28,-6
40,4
36,10
20,4
48,6
20,4
30,6
26,6
42,12
14,4
36,-4
26,6
18,-6
24,4
42,8
-6,4
32,-4
6,-6
10,4
16,-6
10,0
10,-6
10,-4
4,-4
16,8
36,14
52,22
42,28
78,20
44,12
24,-16
12,-18
16,-16
8,-10
-12,-26
-6,-24
-14,-16
-6,-18
-4,-8
6,-16
-22,-14
-36,-10
30,-10
-26,-14
4,-2
-12,-14
-2,-10
0,24
162,-38
289,-134
328,-12
308,84
180,30
52,104
-30,164
-12,220
-44,286
-14,240
-42,116
-34,-12
-130,-26
-120,-18
-120,-36
-144,-34
-172,-36
-144,-46
-160,-50
-200,-68
-238,-64
-238,-80
-260,-88
-284,-96
-280,-104
-290,-116
-290,-126
-260,-134
-262,-148
-236,-146
-184,-132
-154,-126
-126,-118
-98,-78
-44,-74
-54,-66
-6,-48
-12,-44
-8,-32
12,-22
8,-16
26,-12
42,0
4,-6
42,-2
50,0
24,8
60,-2
48,4
56,8
64,14
78,2
64,18
54,12
36,28
74,-2
36,-28
34,-18
28,-22
8,-14
32,-26
14,-14
24,2
46,8
48,-4
12,8
74,-70
178,-198
304,-150
176,-23
48,16
-80,84
-92,158
18,232
-18,338
-14,356
-40,228
-6,100
-42,-10
-90,-16
-84,-28
-112,-38
-96,-26
-92,-24
-122,-34
-122,-34
-134,-38
-100,-28
-168,-32
-148,-32
-172,-48
-182,-52
-146,-34
-178,-54
-220,-68
-156,-66
-208,-72
-160,-70
-166,-84
-146,-92
-122,-94
-108,-94
-48,-72
-42,-68
4,-54
-4,-60
6,-46
58,-22
50,-12
36,-2
46,6
46,8
50,8
30,26
36,16
30,24
12,14
8,0
28,22
0,24
8,20
18,6
-16,12
46,22
-12,12
0,12
-6,-2
-2,-2
32,22
-16,10
-12,4
-4,4
-16,4
-6,6
-20,8
-20,0
-10,0
-32,-4
-26,12
14,24
14,36
24,30
20,24
24,24
-2,4
2,-8
-36,-4
-28,-16
-52,-8
-12,-12
-58,2
-20,0
-50,-2
-56,4
-36,0
-52,14
-38,0
-54,-4
-56,4
-32,8
-48,6
-44,34
-42,32
175,-68
302,-138
358,-11
332,60
204,40
76,98
28,154
16,222
-12,308
18,262
20,134
0,6
-62,-28
-52,-24
-58,-40
-68,-42
-76,-22
-8,-52
-100,-28
-48,-48
-92,-56
-126,-62
-130,-66
-162,-70
-148,-86
-174,-92
-166,-96
-174,-102
-142,-100
-124,-104
-108,-112
-74,-106
-68,-74
6,-84
16,-58
54,-46
64,-38
72,-22
84,-18
90,-2
116,4
102,14
92,20
108,20
80,26
92,26
92,32
106,46
110,42
110,34
72,50
94,60
106,28
124,18
144,6
150,-6
88,0
98,-10
84,14
96,2
80,10
72,26
86,30
16,-14
143,-142
264,-222
158,-95
172,32
44,70
-84,146
2,212
24,296
-12,360
-26,288
20,160
-40,32
-60,-12
-88,-32
-104,-8
-58,-18
-102,-18
-108,-30
-100,-38
-116,-30
-120,-28
-114,-26
-128,-32
-142,-42
-152,-56
-162,-62
-142,-48
-158,-48
-164,-66
-178,-84
-164,-102
-152,-88
-124,-88
-110,-90
-94,-92
-64,-100
-36,-106
-8,-66
24,-66
48,-56
32,-40
60,-32
62,-36
42,-18
102,2
52,4
60,4
48,-2
48,2
60,14
54,14
40,16
32,8
22,16
66,22
26,26
44,14
24,16
30,22
32,18
40,16
26,18
22,8
22,14
14,20
16,16
16,10
0,8
-2,8
-4,2
2,14
-4,8
10,4
30,32
40,36
66,36
8,20
30,0
8,-10
18,2
-24,-8
-22,-24
-24,-36
-24,-12
-16,0
-32,0
-22,-14
-34,-20
-22,-14
-32,-2
-24,-10
-18,-6
-34,-12
-24,-6
-16,0
-28,36
114,-16
216,-100
343,-102
230,25
108,52
-20,128
-58,180
-82,250
-72,332
-104,352
-98,228
-58,100
-56,-10
-112,-2
-98,-6
-100,-12
-102,-4
-78,-4
-116,-8
-136,-16
-116,-8
-162,-34
-192,-44
-210,-56
-222,-72
-198,-84
-230,-94
-228,-118
-228,-116
-180,-130
-172,-140
-120,-124
-112,-108
-46,-112
-42,-96
-28,-64
28,-70
20,-46
-12,-38
36,-40
26,-14
34,-18
28,-18
48,-10
36,-4
52,12
68,2
62,22
74,24
70,34
72,26
106,0
144,4
112,-4
98,6
130,2
80,4
102,-2
122,14
102,14
100,16
100,-2
208,-82
335,-116
324,11
292,30
164,46
36,126
-22,182
24,240
-38,278
36,180
0,52
-26,-44
-80,-38
-38,-42
-92,-50
-84,-46
-116,-56
-72,-56
-104,-58
-128,-64
-136,-78
-150,-84
-162,-96
-146,-104
-190,-118
-158,-140
-152,-130
-114,-126
-60,-136
-34,-130
-12,-116
20,-104
58,-90
74,-78
90,-64
98,-50
110,-46
104,-32
124,-14
90,-14
118,-14
78,-2
98,4
78,4
94,20
94,20
102,24
98,30
88,34
98,20
134,2
160,-4
120,-2
138,2
120,-10
120,-8
138,0
124,0
102,12
132,16
-4,-2
84,-130
186,-258
114,-131
112,-4
-16,34
-144,126
-48,180
2,250
-46,350
-24,330
-34,202
-44,74
-106,-8
-88,-8
-104,-16
-130,-22
-116,-22
-112,-32
-136,-30
-100,-24
-156,-28
-146,-26
-134,-30
-152,-46
-170,-42
-190,-52
-152,-52
-190,-60
-190,-66
-196,-86
-176,-84
-172,-94
-166,-100
-134,-98
-102,-96
-94,-98
-60,-98
-22,-84
0,-68
46,-58
12,-52
52,-40
50,-36
68,-12
58,-18
58,-10
44,10
48,2
56,-2
20,2
56,2
36,10
46,10
20,6
42,10
36,16
34,10
40,10
44,14
28,18
60,18
8,8
48,2
14,12
50,18
26,6
26,12
32,8
26,8
42,14
28,10
30,20
40,26
66,38
76,32
80,36
88,28
52,12
50,0
36,0
44,-6
12,-14
30,2
30,-6
32,2
2,0
40,0
10,-4
30,0
16,-6
20,-2
18,6
56,0
26,0
26,4
56,32
6,-32
124,-160
222,-282
94,-155
96,-28
-32,68
-116,134
-30,198
16,274
-46,340
-14,294
-10,166
-78,38
-106,-14
-100,-14
-114,-18
-114,-18
-110,-22
-132,-28
-138,-32
-136,-30
-122,-28
-152,-34
-158,-42
-160,-46
-158,-46
-176,-48
-186,-56
-182,-66
-190,-74
-198,-86
-182,-84
-152,-92
-156,-104
-150,-106
-90,-94
-92,-100
-48,-86
-36,-92
-12,-78
30,-52
18,-44
46,-34
36,-30
54,-22
50,-24
22,-14
78,-4
14,-6
46,-10
36,4
6,-10
40,4
14,-2
34,2
22,6
30,-2
18,-2
24,2
22,2
30,0
42,4
8,2
10,4
38,6
2,4
22,-2
6,4
6,0
32,-4
-18,6
14,8
12,10
12,18
60,32
28,28
52,30
64,20
8,-4
18,-2
8,4
-8,-16
-12,-14
-8,-20
-8,-6
-12,-14
18,12
-10,-8
-20,-6
-6,0
6,-6
-10,-2
0,-4
8,2
6,-6
4,34
48,-6
162,-84
284,-196
258,-100
206,27
78,12
-50,110
-18,170
38,234
2,330
24,334
10,206
16,78
-28,6
-70,-16
-84,-30
-50,-10
-90,-16
-78,-20
-98,-26
-110,-30
-102,-44
-116,-28
-120,-32
-136,-46
-142,-42
-140,-68
-184,-56
-132,-56
-170,-66
-154,-72
-166,-92
-174,-92
-104,-92
-116,-96
-116,-106
-78,-110
-32,-92
-22,-92
-10,-84
34,-66
28,-60
54,-46
56,-30
70,-18
62,-20
60,-6
62,-8
48,-10
62,4
32,0
40,-10
36,4
40,12
34,-2
28,2
20,-2
28,0
22,2
34,6
-2,-4
28,0
10,0
10,2
10,4
16,2
10,2
-18,0
0,2
14,8
-8,6
-18,10
18,16
40,34
40,36
16,28
46,30
-8,6
10,-4
-30,-4
2,-4
-28,-6
-36,-12
-32,10
-24,-8
-20,2
-34,-4
-16,-2
-38,4
-10,6
-32,-2
-26,8
-30,-2
-32,8
0,46
102,0
222,-78
349,-122
344,5
316,42
188,70
60,150
-8,202
-24,272
-88,332
-46,244
-26,116
-28,-12
-46,-40
-88,-34
-100,-34
-92,-46
-116,-46
-126,-52
-168,-48
-182,-52
-188,-62
-220,-68
-232,-66
-244,-78
-242,-78
-214,-78
-214,-96
-202,-96
-178,-88
-140,-98
-114,-84
-70,-88
-40,-72
-38,-62
16,-52
16,-42
22,-32
36,-18
38,6
66,4
64,10
52,28
54,30
32,16
60,4
66,4
62,4
16,2
36,-8
36,12
54,10
46,6
64,12
66,18
62,-8
126,-136
246,-264
118,-137
158,-10
30,28
-98,102
-24,172
66,244
14,338
-8,310
46,182
-14,54
-68,-6
-96,-10
-94,-24
-74,-16
-92,-18
-160,-36
-54,-12
-108,-16
-134,-28
-104,-32
-142,-38
-142,-42
-116,-34
-124,-38
-168,-64
-154,-66
-136,-58
-128,-70
-138,-80
-134,-100
-76,-90
-86,-98
-46,-98
-40,-102
6,-98
4,-90
52,-86
28,-62
82,-54
74,-40
96,-26
78,-32
96,-18
90,-18
72,-16
80,-22
74,-16
114,16
50,-4
84,-4
58,8
80,4
98,-8
18,2
145,-2
60,4
50,6
78,0
76,8
88,2
66,10
76,-10
50,-6
100,-8
46,4
76,14
54,0
84,-2
68,18
132,14
76,40
140,14
92,12
64,-14
72,-12
54,-26
76,-12
38,-40
30,-18
62,-12
20,-24
40,-8
54,-24
32,-10
42,-30
42,2
78,-2
12,-16
42,-4
44,-2
54,18
50,4
130,-124
257,-252
129,-125
154,2
26,42
-102,128
2,182
40,258
14,354
-4,320
18,192
-28,64
-54,2
-72,-6
-54,-8
-82,-14
-78,-14
-94,-14
-98,-18
-88,-10
-114,-26
-118,-28
-114,-20
-130,-24
-134,-38
-160,-40
-132,-44
-170,-60
-166,-70
-126,-68
-130,-78
-138,-78
-110,-92
-106,-102
-54,-92
-22,-90
-28,-86
26,-84
30,-66
48,-56
82,-40
72,-32
80,-22
90,-18
80,-6
102,-6
58,-10
74,4
68,-2
54,12
64,2
54,8
36,0
56,14
54,4
54,8
40,4
40,-2
60,6
40,2
46,0
24,2
44,4
40,-2
38,4
34,-6
26,8
48,4
14,6
38,12
64,26
72,36
82,28
50,20
58,16
50,-2
36,2
18,2
18,-16
10,-8
22,-12
4,0
14,-8
8,-8
6,-14
4,0
16,0
18,-6
0,-8
8,-8
24,2
6,8
22,36
-16,6
96,-68
190,-196
192,-124
118,3
-10,24
-138,114
-84,182
-18,240
-34,342
-26,360
-50,232
-14,104
-98,10
-112,-12
-100,-8
-130,-8
-118,-16
-124,-18
-150,-16
-130,-24
-162,-30
-148,-24
-160,-24
-172,-30
-180,-38
-184,-44
-194,-58
-208,-48
-188,-66
-200,-78
-206,-82
-172,-90
-182,-90
-124,-88
-120,-98
-104,-102
-68,-84
-38,-76
-12,-66
0,-52
18,-52
18,-36
42,-16
32,-14
54,-2
30,-8
36,0
30,2
14,8
32,12
8,4
0,6
10,10
-2,10
2,18
-8,10
-8,14
2,14
-6,10
-10,8
-16,8
-4,12
-14,2
-14,14
-24,10
-8,6
-40,8
-10,0
-42,4
0,24
4,26
8,38
14,52
26,18
-10,18
0,16
-24,6
-44,0
-34,2
-64,-16
-44,-12
-56,4
-30,-4
-58,0
-60,-2
-50,-4
-48,4
-58,0
-58,4
-48,4
-56,0
-54,8
-38,32
88,-2
122,-4
246,-92
373,-102
334,25
234,28
106,96
-22,154
-48,226
-44,296
-72,324
-60,196
-68,68
-98,-20
-114,-44
-152,-32
-148,-38
-160,-36
-166,-44
-178,-34
-196,-48
-254,-52
-250,-50
-308,-60
-306,-74
-336,-72
-336,-84
-302,-90
-296,-82
-250,-94
-220,-82
-162,-64
-80,-78
-72,-62
-30,-36
10,-38
14,-34
40,-26
32,-22
34,-14
10,-4
48,4
34,12
22,18
26,18
36,16
26,36
38,36
52,42
44,46
38,72
48,42
84,30
80,18
76,2
44,6
36,-4
56,4
40,10
28,10
50,12
44,22
56,18
118,-34
210,-162
334,-164
206,-37
90,28
-38,86
-36,150
20,204
52,298
30,344
14,246
34,118
-10,-2
-44,-14
-60,-20
-80,-18
-66,-18
-102,-26
-88,-30
-110,-44
-104,-26
-118,-24
-132,-42
-140,-40
-156,-52
-154,-52
-150,-54
-176,-60
-184,-76
-172,-82
-172,-84
-164,-90
-176,-96
-132,-102
-120,-108
-88,-102
-72,-88
-20,-88
-18,-78
4,-64
24,-54
28,-38
46,-30
56,-24
40,-8
74,2
50,2
36,-2
44,8
34,6
32,12
34,16
24,6
16,8
24,18
26,14
4,6
22,14
-4,10
30,14
-10,8
4,0
-10,4
20,14
-20,8
-18,6
2,12
-16,6
-14,10
-30,12
-4,20
16,32
30,40
26,24
-8,30
38,20
-28,-2
-26,-4
-34,-2
-36,-14
-52,-6
-52,4
-38,6
-46,2
-56,-4
-50,-2
-64,2
-26,14
-68,-2
-54,4
-50,6
-58,4
-54,34
62,12
182,-36
272,-110
358,17
342,82
214,42
86,122
-28,176
-24,242
-28,298
-14,260
24,132
-16,4
-98,-18
-116,-30
-102,-44
-132,-28
-138,-36
-156,-24
-184,-40
-200,-40
-232,-54
-278,-60
-302,-64
-290,-84
-278,-90
-304,-92
-266,-118
-256,-118
-178,-116
-164,-128
-108,-116
-64,-116
-54,-106
2,-86
38,-80
36,-62
82,-48
94,-38
106,-28
118,-14
136,-2
120,-6
128,6
130,16
154,26
150,24
136,32
138,30
88,56
132,36
168,16
158,12
160,6
116,6
132,-6
98,0
130,4
94,10
114,10
122,28
102,28
202,-50
328,-104
276,23
282,80
154,108
26,172
-38,236
-10,316
-74,360
-88,264
-76,136
-78,8
-126,-2
-126,-8
-164,-4
-154,-4
-152,-10
-198,-8
-196,-14
-234,-24
-254,-40
-300,-32
-284,-50
-314,-70
-316,-62
-282,-76
-264,-84
-220,-96
-228,-86
-156,-90
-86,-88
-58,-74
0,-74
-8,-60
32,-46
52,-42
48,-8
80,-6
88,2
78,10
104,20
92,42
116,40
110,32
104,34
98,34
136,40
138,32
140,40
148,36
168,34
124,36
146,54
144,32
166,8
150,12
172,-2
88,8
102,-2
88,10
100,12
96,12
112,18
90,38
-84,-406
-128,-438
-120,-372
-72,-245
-128,-118
-96,-30
-62,2
-64,2
2,18
4,16
-44,16
38,18
-42,36
20,32
-16,30
-6,48
-22,52
-2,54
2,76
-30,70
-14,92
40,86
22,90
48,88
34,90
80,76
70,70
122,72
118,44
86,38
156,28
140,14
128,6
140,0
138,10
160,4
134,-4
152,6
150,2
158,0
130,-2
148,4
128,24
148,18
174,18
138,30
132,38
138,30
120,14
160,6
138,-14
124,-18
68,-26
88,-28
78,-4
90,-22
58,-18
86,-16
94,0
52,4
130,-122
222,-250
190,-123
176,4
48,10
-80,110
2,166
70,232
12,330
42,332
46,204
6,76
-46,6
-50,-6
-64,-16
-68,-18
-78,-24
-62,-20
-88,-20
-100,-24
-96,-26
-108,-30
-90,-34
-124,-40
-116,-42
-128,-52
-122,-48
-144,-62
-132,-76
-138,-80
-124,-84
-122,-100
-84,-92
-72,-104
-54,-106
-10,-102
10,-96
24,-90
42,-74
80,-62
70,-60
100,-36
94,-34
98,-26
118,-8
96,-8
100,-10
90,-6
106,0
84,-8
86,6
98,10
78,2
82,4
78,8
100,4
106,16
72,10
86,6
94,2
88,4
98,4
88,6
84,6
92,4
78,6
84,2
82,2
74,-2
90,16
118,24
138,36
124,28
116,16
104,8
98,-4
80,-12
64,-10
86,-6
74,-20
50,-14
74,-8
58,-8
58,-6
66,-4
40,-14
64,-6
58,-10
64,-8
48,-14
58,-6
64,14
88,10
82,0
188,-114
314,-204
208,-77
214,50
86,28
-42,110
2,164
86,226
38,322
52,316
40,188
32,60
12,8
-50,-6
-22,-6
-44,-8
-60,-16
-38,-20
-70,-22
-64,-16
-68,-20
-80,-20
-82,-32
-92,-32
-108,-34
-88,-34
-108,-46
-114,-52
-116,-58
-106,-62
-110,-68
-108,-76
-64,-82
-72,-74
-40,-84
-20,-90
10,-76
44,-74
58,-60
60,-42
82,-34
102,-28
98,-18
112,-6
124,2
100,0
104,8
104,2
112,18
88,16
112,16
84,14
94,12
80,16
84,18
88,16
86,8
80,12
66,8
76,10
86,14
64,16
70,8
74,14
56,4
56,0
48,10
62,10
46,14
64,16
86,32
82,32
90,26
72,14
56,2
40,-2
44,-2
20,-12
22,-10
20,-10
20,-2
6,-2
18,-6
-6,-4
10,4
-8,6
6,0
0,4
-8,-2
-8,-8
-14,18
20,40
76,-72
182,-200
204,-178
116,-51
-12,-2
-140,92
-24,166
14,208
-8,318
24,336
-4,210
-10,82
-70,4
-84,-18
-112,-6
-80,-8
-110,-16
-106,-16
-110,-14
-112,-22
-120,-18
-124,-32
-150,-30
-122,-32
-140,-38
-160,-46
-162,-50
-148,-56
-152,-78
-168,-74
-132,-72
-150,-88
-108,-88
-112,-98
-82,-104
-44,-94
-12,-86
-12,-82
24,-68
38,-62
62,-46
62,-36
62,-30
92,-14
76,-2
76,-6
76,-8
88,8
68,6
78,-2
56,4
82,14
78,12
68,10
56,8
68,4
96,14
58,12
72,4
76,12
72,10
66,6
72,8
76,12
66,2
58,6
70,10
60,10
104,20
92,30
128,30
88,24
100,8
74,-18
58,-6
78,4
42,-12
44,-8
42,-14
50,-2
44,-4
32,2
44,0
36,0
50,2
36,-2
30,-4
52,2
50,-4
38,26
74,10
84,-10
211,-86
338,-98
286,29
184,10
56,78
-72,146
-38,202
-26,276
-62,284
-40,168
-52,40
-90,-32
-122,-30
-150,-36
-182,-54
-158,-48
-206,-52
-158,-66
-244,-56
-244,-68
-246,-76
-244,-84
-272,-92
-262,-100
-270,-104
-224,-112
-206,-130
-192,-106
-136,-132
-98,-128
-76,-106
4,-98
12,-88
36,-90
18,-62
98,-54
70,-34
96,-24
98,-24
104,-4
108,-2
88,0
100,4
96,6
80,2
90,12
98,18
100,8
96,16
110,6
102,26
106,24
126,-8
130,-18
130,-4
158,-16
90,-10
102,-12
86,-10
102,-4
104,-8
92,16
-26,216
14,314
-40,344
14,278
-50,150
-54,22
-130,-28
-126,-6
-28,4
-102,-2
-132,-14
-124,-28
-134,-30
-106,-28
-124,-16
-118,-24
-148,-38
-162,-48
-154,-30
-144,-56
-166,-52
-170,-76
-170,-72
-178,-92
-122,-76
-146,-88
-120,-102
-112,-102
-62,-102
-42,-96
-40,-84
24,-82
-12,-64
66,-34
42,-42
60,-28
66,-24
50,-2
82,-10
50,-12
72,10
72,8
64,-6
30,8
56,12
64,14
52,14
38,10
64,18
62,12
60,10
70,24
42,14
52,14
58,12
42,14
52,14
48,20
60,18
36,0
8,18
78,18
62,24
64,32
90,38
106,30
80,28
74,20
56,-2
52,12
44,0
24,2
62,6
26,0
36,2
16,-2
34,14
34,14
30,10
2,-6
42,0
24,2
48,2
24,-2
-10,20
117,32
88,-2
200,-130
327,-202
204,-75
202,52
74,62
-38,124
34,180
46,274
22,360
-24,314
102,186
-10,58
-138,-6
-40,-10
20,-28
-108,-32
18,10
-110,-14
-54,-14
-182,-42
-55,-14
-183,-54
-174,-30
-82,-30
-160,-26
-90,-80
-218,-24
-106,-56
-232,-92
-216,-98
-118,-94
-144,-100
-120,-96
-166,-100
-96,-128
-86,-106
18,-104
-82,-110
18,-68
96,-28
-32,-74
36,-48
78,-20
36,-16
-52,-38
75,0
-38,4
-36,-8
22,-2
84,16
-32,4
-32,-10
-36,36
-22,6
12,18
-20,28
14,2
-92,4
35,26
-93,-16
34,48
-94,-6
-36,8
-18,-14
-10,32
16,32
-76,-10
2,14
-74,8
-8,24
-66,2
-6,14
6,42
-26,42
60,48
-18,44
6,14
-52,0
-14,-20
6,42
-76,-4
-54,-2
-62,-28
-56,30
-56,4
-96,10
-38,10
-96,2
-22,12
-100,6
-38,10
-92,0
-84,16
0,14
-116,42
-38,22
89,-88
198,-176
192,-90
120,37
-8,22
-136,120
-74,172
100,22
140,-10
252,-90
379,-112
336,15
306,30
178,86
50,156
38,228
88,300
2,328
36,204
38,76
4,-24
4,-32
-48,-34
-24,-44
-54,-40
-92,-42
-94,-54
-96,-58
-160,-68
-168,-72
-190,-96
-244,-98
-188,-110
-212,-116
-188,-118
-164,-154
-156,-114
-114,-140
-64,-132
-28,-124
4,-104
28,-110
24,-76
68,-60
76,-40
88,-24
114,-6
98,8
110,22
94,30
136,12
138,12
130,8
114,0
90,16
112,6
74,24
122,6
116,8
108,-6
114,2
110,16
82,-54
188,-182
272,-186
144,-59
16,20
-112,84
-88,146
-4,200
-28,302
-14,352
-42,264
-26,136
-44,8
-88,0
-78,-4
-90,-20
-98,-22
-104,-18
-104,-16
-106,-14
-142,-30
-120,-30
-138,-34
-110,-34
-134,-32
-158,-44
-146,-48
-148,-64
-148,-66
-156,-74
-130,-90
-154,-86
-92,-92
-102,-106
-74,-92
-40,-110
-2,-100
-18,-94
56,-70
44,-62
58,-50
76,-46
64,-38
78,-26
116,-10
68,-20
98,-4
84,-10
86,-6
80,0
70,-4
108,0
54,4
72,4
68,-8
94,18
74,4
72,0
76,4
82,6
100,0
74,4
54,-2
88,-2
70,2
46,0
74,4
58,6
64,6
46,-4
52,10
100,8
82,30
98,38
108,20
60,10
90,10
46,-14
64,-10
36,-10
44,-10
16,-24
42,-16
28,-4
50,-8
-22,-8
32,-14
16,-12
52,14
20,-4
-2,-10
16,-8
52,-10
4,18
-40,208
-6,296
-24,364
-28,278
-18,150
-72,22
-134,-16
-56,-4
-102,-12
-124,-22
-132,-26
-108,-20
-124,-28
-144,-20
-136,-30
-164,-48
-160,-26
-144,-34
-166,-44
-192,-46
-168,-64
-190,-76
-182,-74
-196,-82
-150,-78
-168,-96
-132,-106
-114,-100
-102,-110
-52,-102
-30,-100
32,-62
-12,-62
30,-54
50,-44
52,-34
54,-22
58,0
76,-8
44,0
46,4
-6,-16
70,10
16,20
22,10
6,14
26,12
4,6
48,18
8,16
20,12
10,10
30,22
16,0
-10,-2
42,16
-16,2
-4,12
6,12
2,-2
-26,2
8,4
16,20
12,16
30,26
34,40
68,16
28,18
24,8
8,-12
-10,-6
-20,-24
-42,-18
-2,-20
-28,-10
-26,-4
-30,-2
-40,-10
-32,-12
-26,-6
-42,-18
-34,-4
-8,4
-62,-6
-24,-14
-40,40
36,12
100,-64
144,-192
250,-168
122,-41
-6,12
-134,96
-66,168
84,-2
124,-16
230,-100
357,-96
286,31
158,4
30,82
-60,134
-26,188
-62,266
-30,282
-34,182
-36,54
-116,-16
-128,-36
-156,-28
-176,-36
-176,-40
-220,-26
-228,-38
-250,-46
-274,-46
-300,-34
-298,-60
-346,-52
-322,-82
-362,-78
-332,-100
-338,-96
-286,-108
-264,-102
-214,-106
-178,-104
-118,-98
-80,-68
-6,-66
22,-50
48,-36
84,-30
66,-20
86,-2
100,-2
92,14
112,12
86,4
110,16
100,24
96,14
100,24
90,16
88,14
80,12
72,18
106,16
92,14
96,16
106,16
78,18
104,14
102,12
96,8
86,18
94,14
88,22
96,18
110,18
56,42
88,40
108,8
134,0
100,-2
92,-24
68,-12
62,-10
44,0
96,0
78,26
-12,38
14,4
122,-124
240,-246
184,-119
162,8
34,32
-94,136
-74,192
-20,280
-76,374
-58,334
-76,206
-56,78
-44,-2
-102,-14
-96,-22
-74,-24
-96,-20
-114,-24
-106,-30
-118,-28
-128,-36
-112,-36
-154,-36
-160,-42
-126,-54
-186,-50
-150,-58
-172,-72
-190,-72
-160,-82
-166,-92
-146,-92
-140,-108
-126,-108
-82,-106
-44,-108
-28,-94
-6,-90
18,-80
54,-70
50,-60
64,-42
76,-38
74,-18
70,-14
54,-14
68,0
48,2
36,-2
64,2
32,4
20,2
62,10
26,6
26,0
12,2
40,6
8,4
20,0
8,2
24,-2
26,6
0,-2
10,-6
6,-2
8,2
22,-6
-8,-4
8,0
2,-4
4,12
38,26
42,32
46,24
24,22
32,2
6,-6
6,-4
-22,-14
-28,-16
-20,-18
-38,-18
-28,-6
-18,-2
-32,-10
-44,-6
-48,-2
-34,-8
-36,-2
-36,-8
-36,-6
-36,-2
-48,28
0,16
10,6
76,-58
190,-186
296,-176
168,-49
40,10
-88,94
-108,160
-44,220
-42,330
-62,358
-64,234
-42,106
-32,-12
-72,-14
-92,-28
-48,-22
-86,-18
-88,-26
-86,-30
-74,-28
-116,-32
-96,-36
-114,-42
-120,-52
-110,-48
-96,-38
-152,-54
-148,-66
-148,-74
-136,-82
-140,-82
-106,-94
-118,-106
-70,-114
-48,-110
-38,-102
-12,-108
10,-102
50,-82
66,-78
62,-64
66,-48
96,-42
112,-28
96,-24
88,-26
100,-8
80,-8
70,-8
84,8
82,18
70,10
70,6
70,18
74,8
76,16
66,20
64,18
82,24
42,16
64,12
74,16
48,18
80,20
62,20
54,14
22,20
82,14
26,24
56,30
24,28
92,52
74,60
78,46
56,42
62,26
50,16
26,14
4,6
30,2
4,8
8,12
-20,14
4,22
-6,10
-16,8
-16,16
6,22
-22,12
-30,8
-2,18
-6,10
-16,48
18,-2
126,-130
253,-228
212,-101
172,26
44,32
-84,138
-18,200
20,270
-24,366
-12,338
0,210
2,82
-52,2
-48,-6
-34,-12
-54,-14
-68,-2
-52,-26
-84,-20
-60,-24
-60,-16
-104,-26
-94,-28
-104,-40
-116,-70
-146,-32
-86,-52
-144,-56
-142,-72
-136,-88
-126,-98
-128,-108
-82,-102
-88,-110
-24,-94
-28,-94
-14,-102
42,-88
32,-86
84,-54
72,-48
88,-42
86,-26
72,-6
104,-16
76,-12
74,-10
66,-12
58,2
80,8
44,6
48,4
40,-2
60,12
74,6
30,10
38,0
44,0
64,10
22,-10
36,-2
58,0
24,2
52,-4
24,-2
42,-12
-6,-22
26,8
44,-2
10,-2
20,4
32,6
68,18
66,24
80,18
54,12
20,-2
24,-20
28,-8
-12,-14
0,-24
-12,-18
-6,-8
-2,-14
14,-8
-10,0
-20,-26
-8,-6
0,-6
-18,-14
-4,-12
0,-16
-18,-12
-24,28
60,-60
162,-188
289,-232
161,-105
86,0
-42,56
-52,136
-12,182
34,280
-24,342
-22,254
20,126
-48,-2
-62,-22
-62,-20
-54,-40
-106,-30
-34,-28
-106,-32
-82,-30
-84,-36
-106,-34
-106,-46
-108,-50
-116,-46
-138,-62
-144,-68
-144,-70
-140,-80
-144,-78
-142,-96
-128,-98
-128,-118
-110,-118
-24,-116
-60,-116
-10,-104
2,-96
28,-86
52,-70
50,-70
70,-60
84,-40
80,-42
90,-30
56,-22
96,-14
86,-6
40,-14
70,-14
58,-6
30,2
74,-2
32,-2
44,-2
34,-8
64,-10
8,6
64,-6
32,0
36,2
42,-2
26,-6
52,2
20,-14
36,-10
20,-10
32,-6
70,2
2,-10
22,-12
50,0
42,18
70,30
78,28
40,16
44,-10
34,-18
44,-2
12,-16
-6,-18
8,-16
-6,-16
12,-6
0,-12
10,-8
16,-6
-12,-6
18,-8
4,-12
-2,0
40,-2
-14,-10
20,12
16,20
-4,2
118,-98
198,-226
238,-116
140,11
12,6
-116,104
-46,152
-6,230
0,338
-22,354
-24,226
-34,98
-34,0
-84,-2
-74,-12
-86,-22
-96,-16
-84,-18
-120,-28
-118,-30
-72,-14
-126,-28
-140,-26
-126,-42
-128,-36
-140,-48
-142,-52
-160,-66
-132,-56
-128,-74
-146,-80
-116,-86
-88,-94
-86,-100
-72,-104
-8,-102
12,-82
28,-76
24,-74
56,-62
58,-50
90,-46
82,-24
90,-14
104,-12
84,-6
72,-2
88,8
70,-2
76,14
64,4
64,-4
58,6
82,16
68,18
60,18
58,6
74,4
72,20
78,6
58,14
62,0
78,12
74,20
50,16
68,6
68,10
66,12
72,12
48,-4
66,16
90,24
74,44
112,48
104,32
82,26
108,26
58,-6
46,-4
74,10
48,-6
12,-10
50,4
48,10
20,4
28,4
18,4
40,2
26,16
32,2
16,4
38,14
26,10
24,24
52,28
88,-6
110,-14
237,-98
364,-98
302,29
218,2
90,64
-34,126
40,182
6,252
-28,286
22,176
-12,48
-86,-8
-106,-12
-112,-22
-114,-20
-138,-16
-136,-34
-172,-26
-180,-38
-210,-54
-260,-56
-278,-86
-344,-88
-310,-106
-342,-118
-306,-126
-298,-144
-288,-136
-228,-144
-180,-128
-136,-130
-108,-126
-66,-106
-42,-74
18,-90
-24,-68
40,-56
24,-44
42,-20
36,-14
42,-6
58,-2
40,10
50,12
50,26
70,30
48,26
62,36
64,36
62,46
64,28
92,8
108,2
122,-4
64,-2
66,-6
58,2
66,4
58,10
52,20
72,40
100,-8
152,-22
246,-120
368,-52
318,75
190,14
62,96
-34,154
0,212
-32,296
-34,290
-26,168
-26,40
-68,-44
-76,-38
-106,-48
-106,-48
-118,-44
-114,-56
-146,-54
-152,-62
-168,-70
-202,-80
-226,-76
-208,-94
-220,-98
-218,-112
-226,-116
-192,-114
-132,-126
-120,-124
-86,-114
-62,-86
-2,-84
14,-70
32,-62
56,-48
40,-26
70,-16
98,-14
86,-2
100,18
126,14
102,24
136,36
112,24
116,18
154,2
180,-10
162,-6
136,-4
140,-14
120,6
176,0
176,16
192,-2
176,18
186,28
196,4
296,-68
423,-118
384,9
356,66
228,80
100,156
52,224
64,278
-4,344
4,260
12,132
-24,4
-64,-30
-64,-32
-84,-30
-106,-38
-138,-40
-144,-34
-144,-44
-188,-50
-196,-50
-232,-58
-236,-70
-244,-86
-246,-96
-230,-100
-206,-110
-220,-102
-140,-108
-100,-114
-78,-92
-26,-86
10,-74
36,-62
48,-48
56,-42
58,-22
88,-12
72,6
90,24
76,18
82,26
34,56
68,50
72,32
92,26
112,14
96,10
50,20
86,12
72,24
82,16
82,-2
22,20
92,22
72,4
154,-56
262,-184
360,-170
232,-43
104,14
-24,70
-10,136
72,194
94,294
60,340
54,260
46,132
50,4
16,-16
8,-22
2,-20
-8,-30
0,-26
-32,-38
-28,-34
-14,-24
-22,-38
-48,-50
-60,-54
-8,-38
-62,-52
-90,-54
-66,-64
-60,-74
-78,-82
-66,-88
-44,-102
-74,-108
-34,-106
-10,-108
2,-106
18,-102
50,-100
54,-94
94,-72
90,-78
86,-54
142,-54
130,-30
120,-14
132,-28
118,-18
124,0
122,0
112,-8
124,-6
98,-12
106,2
132,14
86,-8
76,-6
124,18
116,12
82,-4
94,-6
96,-10
94,0
94,16
94,6
54,-4
92,-4
84,8
70,4
60,-4
46,8
64,-4
64,16
76,26
102,34
84,30
74,16
102,18
56,-4
62,-4
48,-12
0,-20
62,-6
-2,-6
38,2
40,-2
-8,-2
14,-8
4,-14
38,4
10,16
18,0
-26,-8
26,6
32,22
-8,28
112,-12
206,-140
326,-216
248,-89
212,38
84,20
-44,92
48,162
72,222
66,320
54,310
26,182
90,54
-38,-14
56,-18
-54,-22
-32,-30
-14,-30
-62,-30
-38,-24
-52,-38
-56,-32
-32,-34
-114,-54
-60,-40
-40,-34
-104,-46
-88,-78
-94,-32
-92,-78
-122,-78
-80,-78
-82,-80
-58,-84
-70,-96
-6,-90
-30,-112
60,-70
20,-76
52,-64
88,-66
80,-40
106,-34
90,-24
108,-20
128,4
84,-12
132,2
98,22
100,12
34,4
152,14
30,16
146,26
70,20
106,32
72,26
76,16
96,14
100,32
66,16
74,32
98,30
22,18
104,30
34,16
70,16
40,14
70,28
42,4
44,20
42,16
56,38
64,40
48,40
38,36
106,44
8,26
44,14
-14,-2
10,6
20,6
-24,-4
-34,8
4,12
-36,8
-24,20
-48,-4
0,16
-50,8
12,14
-58,6
-24,10
-38,-14
-36,48
60,24
116,-12
224,-100
351,-42
260,85
132,44
4,106
-38,168
-16,230
-22,310
-32,310
-4,182
-24,54
-102,14
-54,-10
-130,-12
-120,-10
-118,-12
-140,-20
-150,-22
-168,-28
-178,-42
-192,-38
-218,-56
-216,-64
-232,-70
-220,-86
-226,-110
-200,-112
-202,-92
-130,-104
-108,-116
-100,-98
-54,-82
-16,-74
8,-56
14,-48
26,-40
22,-18
50,-16
46,10
70,22
86,18
72,38
72,44
98,32
54,64
72,60
96,46
120,40
132,26
98,24
96,26
74,26
94,28
106,32
104,36
104,24
96,42
94,34
122,36
126,10
236,-60
363,-82
390,45
354,50
226,88
98,148
34,220
76,286
-4,338
24,222
4,94
10,-14
-64,-20
-62,-18
-76,-24
-80,-32
-120,-32
-148,-38
-152,-48
-206,-50
-220,-64
-256,-84
-296,-76
-294,-98
-294,-112
-278,-110
-266,-108
-206,-130
-204,-110
-114,-110
-70,-100
-52,-84
2,-68
24,-58
38,-36
56,-22
50,-6
78,8
62,22
74,32
74,36
80,64
120,58
90,78
96,72
100,66
90,72
56,82
78,60
124,50
128,28
118,20
72,22
88,22
72,38
98,36
100,40
94,42
100,46
92,54
86,38
72,22
168,-58
276,-128
210,-1
220,72
92,96
-34,154
-36,212
-36,280
-86,338
-90,266
-66,138
-122,10
-118,-8
-108,-22
-144,-20
-164,-32
-168,-42
-198,-40
-198,-52
-226,-48
-190,-62
-264,-74
-264,-98
-274,-102
-256,-112
-262,-126
-244,-126
-214,-130
-190,-134
-150,-124
-106,-132
-94,-112
-20,-94
-22,-82
-6,-70
24,-52
32,-42
28,-22
42,-2
54,0
60,6
46,10
62,8
68,10
56,22
58,28
82,24
84,40
90,34
104,28
70,50
128,40
128,10
132,-2
108,-22
90,-28
146,-22
90,-90
172,-168
132,-172
172,-160
44,-288
44,18
162,-56
289,-138
258,-11
228,88
100,122
-28,188
-56,268
-24,342
-72,396
-82,276
-76,148
-56,20
-110,-8
-132,-16
-122,-20
-130,-30
-180,-24
-180,-32
-214,-26
-232,-36
-250,-42
-266,-38
-266,-52
-268,-50
-256,-62
-226,-62
-216,-88
-208,-76
-152,-92
-82,-100
-92,-98
-64,-92
-16,-82
-16,-76
10,-72
10,-50
34,-44
-12,-30
34,-30
24,-6
10,-6
50,-4
18,0
36,12
28,2
44,24
58,16
50,12
52,22
60,34
50,32
112,12
92,4
118,-8
74,-10
88,0
56,-6
80,12
78,4
82,4
66,34
60,10
132,-44
254,-172
336,-150
214,-23
86,12
-42,90
8,148
42,210
58,312
42,330
16,206
28,78
-22,-8
-44,-12
-64,-12
-62,-22
-78,-24
-90,-26
-80,-34
-96,-32
-94,-26
-96,-36
-122,-32
-118,-40
-160,-52
-108,-42
-164,-54
-160,-66
-162,-70
-170,-76
-142,-86
-156,-90
-160,-100
-116,-104
-118,-112
-88,-106
-42,-106
-38,-96
12,-80
6,-72
24,-58
36,-44
56,-42
54,-24
50,-12
62,-16
50,-14
34,-4
38,-2
32,-2
32,2
14,-2
26,4
26,10
18,2
6,2
18,10
16,-2
4,8
8,12
6,8
0,16
4,4
-22,0
-12,4
10,6
-36,4
-22,8
78,146
134,216
64,290
114,270
68,142
52,14
-12,-12
-30,-18
-36,-20
-40,-20
-44,-18
-64,-22
-66,-34
-68,-26
-82,-32
-70,-34
-108,-30
-104,-34
-114,-44
-134,-42
-140,-58
-140,-60
-138,-64
-144,-68
-154,-80
-134,-80
-104,-88
-90,-94
-68,-82
-48,-80
-30,-76
10,-64
22,-60
34,-48
46,-32
66,-24
60,-22
76,-8
70,-14
62,-14
86,4
50,-6
68,0
46,4
56,0
52,-4
46,4
50,-2
44,0
38,6
54,6
38,-4
30,2
32,-4
36,0
50,0
26,-2
18,4
22,-2
28,-2
14,-4
20,-2
24,10
52,20
52,28
64,24
54,10
38,10
14,-18
28,-8
-12,-8
-12,-16
-14,-12
-24,-10
-4,-4
-2,-4
-18,-4
-22,-10
-4,-2
-8,6
-26,-4
-20,-10
-18,0
-2,0
-26,28
4,16
46,-22
136,-150
263,-220
135,-93
112,34
-16,50
-46,124
22,174
114,24
200,-34
327,-104
412,23
346,96
218,60
90,124
2,192
18,256
-8,338
10,286
22,158
12,30
-50,-20
-44,-6
-72,-14
-56,-26
-102,-30
-132,-34
-112,-32
-138,-52
-236,-42
-214,-64
-236,-82
-244,-86
-294,-104
-198,-110
-230,-112
-204,-134
-158,-116
-106,-136
-96,-124
-32,-98
24,-104
56,-76
48,-68
86,-44
68,-42
100,-24
92,-6
100,4
110,16
104,18
114,24
106,22
84,32
96,26
108,24
88,26
110,26
110,20
136,28
136,22
110,20
138,12
110,0
126,10
106,10
112,-4
118,10
98,4
94,4
84,12
60,24
54,18
86,-14
82,-12
104,-26
58,-24
24,-26
54,-24
38,-6
64,-2
56,4
-14,24
46,-36
136,-164
256,-172
128,-45
0,26
-128,114
-104,184
-44,244
-34,364
-52,376
-86,248
-26,120
-64,-8
-58,0
-76,-12
-116,-18
-108,-18
-106,-18
-126,-26
-124,-26
-146,-26
-140,-28
-158,-36
-164,-42
-170,-42
-170,-48
-194,-50
-188,-64
-194,-68
-200,-72
-170,-80
-192,-88
-144,-88
-156,-102
-96,-100
-106,-88
-62,-88
-46,-78
-40,-72
-6,-70
16,-52
28,-34
30,-34
12,-18
42,2
10,0
20,8
12,12
2,12
24,14
-22,14
-2,12
8,14
8,12
-18,8
66,32
-52,22
-18,12
-6,16
-34,20
-4,18
-30,14
-32,18
-12,10
-50,18
-10,22
-28,12
-18,12
-6,28
50,36
-10,48
24,34
4,28
-42,12
-34,4
-50,2
-42,0
-72,-4
-70,-14
-80,8
-36,12
-60,2
-66,2
-68,-4
-42,2
-68,6
-56,4
-64,4
-40,2
-60,30
50,28
36,8
152,-54
279,-120
272,7
250,74
122,96
-6,154
-34,220
-10,276
-64,328
-56,258
-50,130
-92,2
-142,-8
-134,-12
-164,-20
-172,-18
-214,-24
-210,-16
-214,-28
-264,-32
-270,-36
-284,-46
-328,-54
-314,-74
-302,-82
-302,-82
-262,-90
-232,-100
-198,-100
-148,-94
-88,-90
-42,-78
-2,-72
24,-54
46,-48
68,-32
80,-10
106,4
112,12
122,28
116,28
122,50
140,44
132,44
126,46
128,46
114,44
122,40
128,30
72,44
118,60
128,48
122,46
108,50
80,56
84,38
112,14
118,18
122,16
90,14
90,18
102,32
132,18
120,30
116,38
