118.0,-12.0,0,0,0
118.0,-12.0,0,0,0
118.0,-12.0,0,0,0
118.0,-12.0,0,0,0
118.0,-12.0,0,0,0
118.0,-12.0,0,0,0
206.0,-118.0,0,0,0
333.0,-138.0,0,0,0
238.0,-11.0,1.4971793003052525,-1.6303058244996564,0
124.0,6.0,0.9862153556139186,-0.7094066115502582,0
-4.0,74.0,-1.123571254724492,-0.2163267180025489,0
-118.0,158.0,-1.222467502084105,0.3347625747860674,0
-14.0,218.0,-0.16757419691489978,0.7843354189030964,0
-50.0,302.0,0.030218297804326236,1.4369411603633002,0
-42.0,328.0,0,0,0
-40.0,216.0,0,0,0
-44.0,88.0,0,0,0
-44.0,-22.0,0,0,0
-54.0,-32.0,0,0,0
-90.0,-38.0,0,0,0
-108.0,-40.0,0,0,0
-74.0,-46.0,0,0,0
-118.0,-38.0,0,0,0
-112.0,-58.0,0,0,0
-148.0,-50.0,0,0,0
-146.0,-44.0,0,0,0
-146.0,-62.0,0,0,0
-168.0,-70.0,0,0,0
-192.0,-70.0,0,0,0
-182.0,-76.0,0,0,0
-192.0,-98.0,0,0,0
-214.0,-98.0,0,0,0
-184.0,-114.0,0,0,0
-184.0,-118.0,0,0,0
-168.0,-116.0,0,0,0
-144.0,-120.0,0,0,0
-128.0,-128.0,0,0,0
-84.0,-112.0,0,0,0
-46.0,-104.0,0,0,0
-36.0,-98.0,0,0,0
-2.0,-72.0,0,0,0
20.0,-62.0,0,0,0
30.0,-54.0,0,0,0
32.0,-42.0,0,0,0
32.0,-36.0,0,0,0
26.0,-28.0,0,0,0
32.0,-8.0,0,0,0
32.0,-4.0,0,0,0
26.0,-2.0,0,0,0
26.0,12.0,0,0,0
0.0,8.0,0,0,0
12.0,-4.0,0,0,0
-4.0,12.0,0,0,0
10.0,6.0,0,0,0
4.0,2.0,0,0,0
0.0,16.0,0,0,0
26.0,16.0,0,0,0
70.0,14.0,0,0,0
64.0,22.0,0,0,0
70.0,26.0,0,0,0
60.0,36.0,0,0,0
86.0,62.0,0,0,0
106.0,54.0,0,0,0
112.0,44.0,0,0,0
132.0,34.0,0,0,0
132.0,0.0,0,0,0
96.0,4.0,0,0,0
76.0,2.0,0,0,0
40.0,14.0,0,0,0
48.0,2.0,0,0,0
36.0,8.0,0,0,0
42.0,6.0,0,0,0
36.0,10.0,0,0,0
10.0,10.0,0,0,0
6.0,12.0,0,0,0
0.0,10.0,0,0,0
12.0,12.0,0,0,0
-8.0,0.0,0,0,0
-24.0,2.0,0,0,0
-16.0,32.0,0,0,0
234.0,-102.0,0,0,0
336.0,-44.0,0,0,0
250.0,83.0,0,0,0
122.0,42.0,0,0,0
-6.0,110.0,0,0,0
-50.0,156.0,0,0,0
-28.0,214.0,0,0,0
-58.0,294.0,0,0,0
-36.0,280.0,0,0,0
-20.0,152.0,0,0,0
-64.0,24.0,0,0,0
-134.0,-10.0,0,0,0
-132.0,-18.0,0,0,0
-160.0,-16.0,0,0,0
-138.0,-26.0,0,0,0
-158.0,-24.0,0,0,0
-154.0,-26.0,0,0,0
-174.0,-28.0,0,0,0
-164.0,-24.0,0,0,0
-166.0,-42.0,0,0,0
-194.0,-38.0,0,0,0
-208.0,-40.0,0,0,0
-230.0,-62.0,0,0,0
-228.0,-78.0,0,0,0
-260.0,-76.0,0,0,0
-268.0,-92.0,0,0,0
-278.0,-112.0,0,0,0
-250.0,-114.0,0,0,0
-264.0,-118.0,0,0,0
-234.0,-124.0,0,0,0
-208.0,-120.0,0,0,0
-164.0,-108.0,0,0,0
-136.0,-110.0,0,0,0
-118.0,-88.0,0,0,0
-86.0,-72.0,0,0,0
-54.0,-62.0,0,0,0
-28.0,-52.0,0,0,0
-26.0,-26.0,0,0,0
16.0,-34.0,0,0,0
0.0,4.0,0,0,0
16.0,6.0,0,0,0
-2.0,10.0,0,0,0
48.0,8.0,0,0,0
-24.0,24.0,0,0,1
24.0,4.0,0,0,1
-46.0,14.0,0,0,1
-36.0,26.0,0,0,1
0.0,10.0,0,0,1
-20.0,30.0,0,0,1
-10.0,32.0,0,0,1
-8.0,34.0,0,0,1
2.0,46.0,0,0,1
24.0,48.0,0,0,1
30.0,70.0,0,0,1
74.0,84.0,0,0,1
74.0,84.0,0,0,1
100.0,68.0,0,0,1
98.0,36.0,0,0,1
72.0,34.0,0,0,1
72.0,18.0,0,0,1
14.0,36.0,0,0,1
14.0,16.0,0,0,1
-22.0,4.0,0,0,1
-66.0,26.0,0,0,1
-14.0,10.0,0,0,1
-42.0,16.0,0,0,1
-66.0,22.0,0,0,1
-48.0,20.0,0,0,1
-36.0,20.0,0,0,1
-52.0,22.0,0,0,1
-36.0,16.0,0,0,1
-44.0,12.0,0,0,1
-34.0,42.0,0,0,1
-8.0,26.0,0,0,1
50.0,-2.0,0,0,1
168.0,-102.0,0,0,1
286.0,-148.0,0,0,1
158.0,-21.0,1.4971793003052525,-1.6303058244996564,0
58.0,42.0,0.9862153556139186,-0.7094066115502582,0
-70.0,96.0,-1.123571254724492,-0.2163267180025489,0
-106.0,164.0,-1.222467502084105,0.3347625747860674,0
-98.0,226.0,-0.16757419691489978,0.7843354189030964,0
-76.0,302.0,0.030218297804326236,1.4369411603633002,0
-98.0,340.0,0,0,0
-106.0,224.0,0,0,0
-152.0,96.0,0,0,0
-172.0,-8.0,0,0,0
-186.0,-12.0,0,0,0
-172.0,-12.0,0,0,0
-202.0,-12.0,0,0,0
-180.0,-30.0,0,0,0
-194.0,-8.0,0,0,0
-178.0,-30.0,0,0,0
-216.0,-24.0,0,0,0
-210.0,-38.0,0,0,0
-226.0,-42.0,0,0,0
-270.0,-46.0,0,0,0
-256.0,-46.0,0,0,0
-292.0,-62.0,0,0,0
-284.0,-74.0,0,0,0
-270.0,-70.0,0,0,0
-302.0,-80.0,0,0,0
-280.0,-82.0,0,0,0
-236.0,-78.0,0,0,0
-236.0,-114.0,0,0,0
-238.0,-94.0,0,0,0
-190.0,-102.0,0,0,0
-148.0,-92.0,0,0,0
-90.0,-80.0,0,0,0
-98.0,-56.0,0,0,0
-70.0,-66.0,0,0,0
-6.0,-52.0,0,0,0
-20.0,-32.0,0,0,0
6.0,-32.0,0,0,0
24.0,-14.0,0,0,0
8.0,-6.0,0,0,0
-8.0,-8.0,0,0,0
18.0,-6.0,0,0,0
24.0,18.0,0,0,0
46.0,6.0,0,0,0
22.0,16.0,0,0,0
46.0,6.0,0,0,0
26.0,6.0,0,0,0
32.0,6.0,0,0,0
46.0,18.0,0,0,0
66.0,10.0,0,0,0
34.0,16.0,0,0,0
102.0,28.0,0,0,0
98.0,42.0,0,0,0
110.0,64.0,0,0,0
130.0,38.0,0,0,0
150.0,42.0,0,0,0
126.0,22.0,0,0,0
126.0,-8.0,0,0,0
144.0,-16.0,0,0,0
84.0,-10.0,0,0,0
102.0,-12.0,0,0,0
34.0,-28.0,0,0,0
36.0,-20.0,0,0,0
38.0,-30.0,0,0,0
46.0,-24.0,0,0,0
14.0,-4.0,0,0,0
48.0,-14.0,0,0,0
20.0,-28.0,0,0,0
18.0,-6.0,0,0,0
28.0,-18.0,0,0,0
22.0,-20.0,0,0,0
40.0,14.0,0,0,0
161.0,-66.0,0,0,0
288.0,-110.0,0,0,0
234.0,17.0,0,0,0
196.0,44.0,1.4971793003052525,-1.6303058244996564,0
68.0,78.0,0.9862153556139186,-0.7094066115502582,0
-60.0,134.0,-1.123571254724492,-0.2163267180025489,0
-44.0,192.0,-1.222467502084105,0.3347625747860674,0
0.0,240.0,-0.16757419691489978,0.7843354189030964,0
-62.0,290.0,0.030218297804326236,1.4369411603633002,0
-42.0,222.0,0,0,0
-42.0,94.0,0,0,0
-112.0,-2.0,0,0,0
-156.0,-16.0,0,0,0
-154.0,-18.0,0,0,0
-166.0,-20.0,0,0,0
-152.0,-28.0,0,0,0
-180.0,-24.0,0,0,0
-172.0,-34.0,0,0,0
-216.0,-24.0,0,0,0
-174.0,-42.0,0,0,0
-202.0,-36.0,0,0,0
-204.0,-54.0,0,0,0
-234.0,-64.0,0,0,0
-240.0,-76.0,0,0,0
-256.0,-82.0,0,0,0
-266.0,-102.0,0,0,0
-260.0,-112.0,0,0,0
-264.0,-112.0,0,0,0
-222.0,-128.0,0,0,0
-208.0,-122.0,0,0,0
-164.0,-110.0,0,0,0
-74.0,-106.0,0,0,0
-78.0,-92.0,0,0,0
-4.0,-72.0,0,0,0
14.0,-54.0,0,0,0
42.0,-46.0,0,0,0
64.0,-20.0,0,0,0
82.0,-16.0,0,0,0
84.0,-4.0,0,0,0
90.0,14.0,0,0,0
92.0,16.0,0,0,0
88.0,28.0,0,0,0
84.0,20.0,0,0,0
68.0,26.0,0,0,0
66.0,30.0,0,0,0
62.0,30.0,0,0,0
54.0,22.0,0,0,0
46.0,26.0,0,0,0
48.0,28.0,0,0,0
56.0,32.0,0,0,0
68.0,22.0,0,0,0
52.0,46.0,0,0,0
100.0,58.0,0,0,0
128.0,70.0,0,0,0
128.0,80.0,0,0,0
160.0,66.0,0,0,0
166.0,52.0,0,0,0
182.0,26.0,0,0,0
178.0,20.0,0,0,0
152.0,8.0,0,0,0
122.0,14.0,0,0,0
132.0,4.0,0,0,0
160.0,-32.0,0,0,0
160.0,-154.0,0,0,0
156.0,-214.0,0,0,0
198.0,-194.0,0,0,0
90.0,-268.0,0,0,0
198.0,-120.0,0,0,0
262.0,-92.0,0,0,0
152.0,35.0,0,0,0
24.0,24.0,0,0,0
-86.0,86.0,0,0,0
-74.0,136.0,0,0,0
-68.0,194.0,0,0,0
-118.0,276.0,0,0,0
-64.0,254.0,0,0,0
-62.0,126.0,0,0,0
-116.0,-2.0,0,0,0
-196.0,-28.0,0,0,0
-178.0,-38.0,0,0,0
-194.0,-50.0,0,0,0
-204.0,-42.0,0,0,0
-196.0,-38.0,0,0,0
-218.0,-48.0,0,0,0
-208.0,-50.0,0,0,0
-236.0,-52.0,0,0,0
-260.0,-60.0,0,0,0
-286.0,-62.0,0,0,0
-270.0,-70.0,0,0,0
-312.0,-78.0,0,0,0
-322.0,-94.0,0,0,0
-338.0,-98.0,0,0,0
-332.0,-112.0,0,0,0
-334.0,-110.0,0,0,0
-310.0,-110.0,0,0,0
-304.0,-122.0,0,0,0
-266.0,-118.0,0,0,0
-228.0,-104.0,0,0,0
-200.0,-100.0,0,0,0
-152.0,-88.0,0,0,0
-106.0,-76.0,0,0,0
-82.0,-56.0,0,0,0
-42.0,-50.0,0,0,0
-32.0,-36.0,0,0,0
2.0,-24.0,0,0,0
-2.0,-16.0,0,0,0
20.0,-6.0,0,0,0
20.0,0.0,0,0,0
6.0,12.0,0,0,0
30.0,20.0,0,0,0
18.0,16.0,0,0,0
16.0,26.0,0,0,0
22.0,28.0,0,0,0
10.0,20.0,0,0,0
10.0,16.0,0,0,0
12.0,32.0,0,0,0
42.0,22.0,0,0,0
18.0,16.0,0,0,0
38.0,22.0,0,0,1
70.0,32.0,0,0,1
100.0,46.0,0,0,1
96.0,60.0,0,0,1
142.0,54.0,0,0,1
158.0,40.0,0,0,1
174.0,14.0,0,0,1
164.0,-4.0,0,0,1
164.0,-4.0,0,0,1
156.0,-100.0,0,0,1
122.0,-180.0,0,0,1
170.0,-216.0,0,0,1
64.0,-200.0,0,0,1
-64.0,-328.0,0,0,1
84.0,16.0,0,0,1
128.0,-4.0,0,0,1
226.0,-114.0,0,0,1
346.0,-126.0,0,0,1
228.0,1.0,1.4971793003052525,-1.6303058244996564,0
132.0,12.0,0.9862153556139186,-0.7094066115502582,0
4.0,70.0,-1.123571254724492,-0.2163267180025489,0
-14.0,126.0,-1.222467502084105,0.3347625747860674,0
10.0,194.0,-0.16757419691489978,0.7843354189030964,0
-2.0,260.0,0.030218297804326236,1.4369411603633002,0
4.0,302.0,0,0,0
36.0,208.0,0,0,0
-6.0,80.0,0,0,0
-76.0,-6.0,0,0,0
-82.0,-20.0,0,0,0
-108.0,-18.0,0,0,0
-90.0,-24.0,0,0,0
-104.0,-28.0,0,0,0
-108.0,-32.0,0,0,0
-136.0,-40.0,0,0,0
-148.0,-36.0,0,0,0
-146.0,-50.0,0,0,0
-148.0,-52.0,0,0,0
-184.0,-62.0,0,0,0
-186.0,-70.0,0,0,0
-216.0,-84.0,0,0,0
-224.0,-86.0,0,0,0
-252.0,-102.0,0,0,0
-234.0,-110.0,0,0,0
-246.0,-118.0,0,0,0
-210.0,-100.0,0,0,0
-152.0,-112.0,0,0,0
-156.0,-104.0,0,0,0
-106.0,-112.0,0,0,0
-76.0,-82.0,0,0,0
-16.0,-78.0,0,0,0
-4.0,-66.0,0,0,0
58.0,-46.0,0,0,0
68.0,-30.0,0,0,0
90.0,-26.0,0,0,0
76.0,2.0,0,0,0
128.0,0.0,0,0,0
112.0,6.0,0,0,0
104.0,22.0,0,0,0
82.0,42.0,0,0,0
98.0,34.0,0,0,0
104.0,38.0,0,0,0
78.0,46.0,0,0,0
74.0,46.0,0,0,0
76.0,46.0,0,0,0
86.0,50.0,0,0,0
66.0,46.0,0,0,0
68.0,50.0,0,0,0
66.0,64.0,0,0,0
104.0,70.0,0,0,0
100.0,90.0,0,0,0
114.0,86.0,0,0,0
136.0,58.0,0,0,0
122.0,44.0,0,0,0
144.0,20.0,0,0,0
140.0,2.0,0,0,0
126.0,4.0,0,0,0
130.0,-74.0,0,0,0
102.0,-156.0,0,0,0
104.0,-208.0,0,0,0
60.0,-186.0,0,0,0
-68.0,-314.0,0,0,0
48.0,22.0,0,0,0
175.0,-54.0,0,0,0
300.0,-136.0,0,0,0
272.0,-9.0,0,0,0
236.0,28.0,0,0,0
108.0,30.0,0,0,0
-20.0,98.0,0,0,0
-52.0,162.0,0,0,0
-8.0,216.0,0,0,0
-74.0,312.0,0,0,0
-22.0,254.0,0,0,0
-48.0,126.0,0,0,0
-78.0,-2.0,0,0,0
-136.0,-18.0,0,0,0
-156.0,-30.0,0,0,0
-164.0,-30.0,0,0,0
-182.0,-34.0,0,0,0
-190.0,-38.0,0,0,0
-196.0,-32.0,0,0,0
-216.0,-36.0,0,0,0
-232.0,-40.0,0,0,0
-252.0,-40.0,0,0,0
-270.0,-52.0,0,0,0
-274.0,-60.0,0,0,0
-298.0,-66.0,0,0,0
-288.0,-86.0,0,0,0
-304.0,-92.0,0,0,0
-296.0,-96.0,0,0,0
-276.0,-98.0,0,0,0
-246.0,-104.0,0,0,0
-194.0,-96.0,0,0,0
-170.0,-90.0,0,0,0
-110.0,-84.0,0,0,0
-60.0,-66.0,0,0,0
-32.0,-66.0,0,0,0
-32.0,-56.0,0,0,0
-4.0,-34.0,0,0,0
36.0,-26.0,0,0,0
28.0,-6.0,0,0,0
68.0,8.0,0,0,0
52.0,10.0,0,0,0
78.0,16.0,0,0,0
58.0,16.0,0,0,0
36.0,30.0,0,0,0
56.0,16.0,0,0,0
46.0,16.0,0,0,0
12.0,30.0,0,0,0
58.0,20.0,0,0,0
38.0,32.0,0,0,0
62.0,22.0,0,0,0
50.0,24.0,0,0,0
78.0,60.0,0,0,0
130.0,64.0,0,0,1
140.0,56.0,0,0,1
162.0,58.0,0,0,1
178.0,30.0,0,0,1
186.0,20.0,0,0,1
178.0,18.0,0,0,1
156.0,12.0,0,0,1
120.0,18.0,0,0,1
132.0,14.0,0,0,1
118.0,14.0,0,0,1
142.0,12.0,0,0,1
124.0,28.0,0,0,1
126.0,20.0,0,0,1
114.0,24.0,0,0,1
122.0,30.0,0,0,1
126.0,22.0,0,0,1
82.0,28.0,0,0,1
126.0,32.0,0,0,1
102.0,66.0,0,0,1
136.0,44.0,0,0,1
180.0,26.0,0,0,1
268.0,-80.0,0,0,1
388.0,-108.0,0,0,1
260.0,19.0,0,0,1
160.0,42.0,0,0,1
32.0,106.0,0,0,1
-8.0,160.0,0,0,1
-4.0,228.0,0,0,1
12.0,304.0,0,0,1
4.0,326.0,0,0,1
-6.0,198.0,0,0,1
-40.0,70.0,0,0,1
-66.0,-4.0,0,0,1
-100.0,-14.0,0,0,1
-110.0,-22.0,0,0,1
-130.0,-20.0,0,0,1
-108.0,-18.0,0,0,1
-114.0,-20.0,0,0,1
-100.0,-28.0,0,0,1
-130.0,-32.0,0,0,1
-142.0,-38.0,0,0,1
-148.0,-54.0,0,0,1
-156.0,-64.0,0,0,1
-148.0,-84.0,0,0,1
-200.0,-96.0,0,0,1
-164.0,-78.0,0,0,1
-162.0,-116.0,0,0,1
-202.0,-114.0,0,0,1
-144.0,-134.0,0,0,1
-138.0,-126.0,0,0,1
-108.0,-132.0,0,0,1
-66.0,-124.0,0,0,1
-68.0,-110.0,0,0,1
0.0,-84.0,0,0,1
18.0,-92.0,0,0,1
-2.0,-66.0,0,0,1
22.0,-44.0,0,0,1
76.0,-24.0,0,0,1
72.0,-18.0,0,0,1
52.0,-4.0,0,0,1
62.0,10.0,0,0,1
54.0,12.0,0,0,1
56.0,16.0,0,0,1
50.0,16.0,1.4971793003052525,-1.6303058244996564,0
54.0,22.0,0.9862153556139186,-0.7094066115502582,0
4.0,26.0,-1.123571254724492,-0.2163267180025489,0
26.0,30.0,-1.222467502084105,0.3347625747860674,0
36.0,30.0,-0.16757419691489978,0.7843354189030964,0
38.0,36.0,0.030218297804326236,1.4369411603633002,0
32.0,56.0,0,0,0
76.0,74.0,0,0,0
52.0,94.0,0,0,0
98.0,92.0,0,0,0
132.0,86.0,0,0,0
158.0,56.0,0,0,0
138.0,54.0,0,0,0
142.0,46.0,0,0,0
114.0,40.0,0,0,0
78.0,44.0,0,0,0
88.0,16.0,0,0,0
70.0,40.0,0,0,0
102.0,22.0,0,0,0
58.0,32.0,0,0,0
70.0,16.0,0,0,0
48.0,18.0,0,0,0
42.0,8.0,0,0,0
40.0,12.0,0,0,0
2.0,8.0,0,0,0
26.0,4.0,0,0,0
34.0,32.0,0,0,0
-92.0,242.0,0,0,0
-114.0,328.0,0,0,0
-106.0,292.0,0,0,0
-106.0,164.0,0,0,0
-74.0,36.0,0,0,0
-188.0,-24.0,0,0,0
-192.0,-28.0,0,0,0
-202.0,-24.0,0,0,0
-176.0,-30.0,0,0,0
-236.0,-40.0,0,0,0
-198.0,-52.0,0,0,0
-184.0,-40.0,0,0,0
-268.0,-46.0,0,0,0
-264.0,-58.0,0,0,0
-272.0,-62.0,0,0,0
-256.0,-70.0,0,0,0
-272.0,-92.0,0,0,0
-278.0,-92.0,0,0,0
-260.0,-110.0,0,0,0
-236.0,-122.0,0,0,0
-284.0,-140.0,0,0,0
-204.0,-132.0,0,0,0
-156.0,-146.0,0,0,0
-134.0,-136.0,0,0,0
-60.0,-120.0,0,0,0
-46.0,-104.0,0,0,0
8.0,-88.0,0,0,0
22.0,-64.0,0,0,0
92.0,-52.0,0,0,0
66.0,-34.0,0,0,0
80.0,-24.0,0,0,0
110.0,-14.0,0,0,0
60.0,-6.0,0,0,0
104.0,0.0,0,0,0
58.0,4.0,0,0,0
78.0,2.0,0,0,0
40.0,12.0,0,0,0
74.0,-4.0,0,0,0
28.0,2.0,0,0,0
32.0,-2.0,0,0,0
2.0,16.0,0,0,0
22.0,4.0,0,0,0
100.0,30.0,0,0,0
66.0,44.0,0,0,0
132.0,52.0,0,0,0
134.0,44.0,0,0,0
148.0,18.0,0,0,0
186.0,-2.0,0,0,0
172.0,2.0,0,0,0
160.0,-8.0,0,0,0
140.0,0.0,0,0,0
144.0,-2.0,0,0,0
128.0,-8.0,0,0,0
138.0,-8.0,0,0,0
138.0,-2.0,0,0,0
148.0,-10.0,0,0,0
90.0,-2.0,0,0,0
102.0,2.0,0,0,0
116.0,0.0,0,0,0
122.0,4.0,0,0,0
96.0,-4.0,0,0,0
108.0,28.0,0,0,0
116.0,10.0,0,0,0
164.0,18.0,0,0,0
274.0,-76.0,0,0,0
401.0,-108.0,0,0,0
324.0,19.0,0,0,0
196.0,16.0,0,0,0
68.0,98.0,0,0,0
-52.0,156.0,0,0,0
-18.0,210.0,0,0,0
-48.0,294.0,0,0,0
-36.0,290.0,0,0,0
-12.0,162.0,0,0,0
-94.0,34.0,0,0,0
-96.0,-22.0,0,0,0
-122.0,-22.0,0,0,0
-114.0,-32.0,0,0,0
-122.0,-36.0,0,0,0
-130.0,-40.0,0,0,0
-166.0,-32.0,0,0,0
-166.0,-48.0,0,0,0
-200.0,-40.0,0,0,0
-208.0,-42.0,0,0,0
-200.0,-46.0,0,0,0
-252.0,-52.0,0,0,0
-230.0,-58.0,0,0,0
-260.0,-60.0,0,0,0
-260.0,-68.0,0,0,1
-248.0,-72.0,0,0,1
-238.0,-78.0,0,0,1
-224.0,-82.0,0,0,1
-210.0,-86.0,0,0,1
-172.0,-82.0,0,0,1
-138.0,-84.0,0,0,1
-118.0,-64.0,0,0,1
-64.0,-58.0,0,0,1
-40.0,-58.0,0,0,1
-32.0,-44.0,0,0,1
18.0,-36.0,0,0,1
-2.0,-44.0,0,0,1
14.0,-34.0,0,0,1
10.0,-28.0,0,0,1
20.0,-26.0,0,0,1
18.0,8.0,0,0,1
58.0,-2.0,0,0,1
24.0,14.0,0,0,1
62.0,6.0,0,0,1
34.0,20.0,0,0,1
22.0,34.0,0,0,1
56.0,30.0,0,0,1
72.0,8.0,0,0,1
66.0,2.0,0,0,1
72.0,-2.0,0,0,1
26.0,0.0,0,0,1
24.0,2.0,0,0,1
24.0,-6.0,0,0,1
50.0,-2.0,0,0,1
46.0,-4.0,0,0,1
36.0,2.0,0,0,1
32.0,4.0,0,0,1
42.0,10.0,0,0,1
52.0,28.0,0,0,1
152.0,236.0,0,0,1
110.0,312.0,0,0,1
116.0,304.0,0,0,1
150.0,176.0,0,0,1
22.0,48.0,0,0,1
-106.0,-10.0,0,0,1
-116.0,-26.0,0,0,1
-152.0,-18.0,0,0,1
-158.0,-32.0,0,0,1
-148.0,-30.0,0,0,1
-168.0,-28.0,0,0,1
-182.0,-26.0,0,0,1
-184.0,-34.0,0,0,1
-190.0,-38.0,0,0,1
-198.0,-28.0,0,0,1
-212.0,-44.0,0,0,1
-204.0,-40.0,0,0,1
-228.0,-42.0,0,0,1
-200.0,-52.0,0,0,1
-238.0,-54.0,0,0,1
-226.0,-58.0,0,0,1
-224.0,-66.0,0,0,1
-218.0,-70.0,0,0,1
-222.0,-70.0,0,0,1
-202.0,-86.0,0,0,1
-176.0,-74.0,0,0,1
-164.0,-86.0,0,0,1
-130.0,-92.0,0,0,1
-96.0,-78.0,0,0,1
-68.0,-74.0,0,0,1
-32.0,-66.0,0,0,1
-28.0,-48.0,0,0,1
0.0,-52.0,0,0,1
24.0,-38.0,0,0,1
28.0,-26.0,0,0,1
36.0,-10.0,0,0,1
34.0,-4.0,0,0,1
36.0,-4.0,0,0,1
28.0,6.0,0,0,1
22.0,-16.0,0,0,1
20.0,8.0,0,0,1
10.0,0.0,0,0,1
14.0,-2.0,0,0,1
2.0,4.0,0,0,1
2.0,6.0,0,0,1
10.0,2.0,0,0,1
0.0,12.0,0,0,1
0.0,4.0,0,0,1
-4.0,12.0,0,0,1
-6.0,14.0,0,0,1
-6.0,14.0,0,0,1
-6.0,4.0,0,0,1
4.0,6.0,0,0,1
-4.0,14.0,0,0,1
-26.0,6.0,0,0,1
-14.0,0.0,0,0,1
-22.0,4.0,0,0,1
-10.0,2.0,0,0,1
-24.0,4.0,0,0,1
-38.0,2.0,0,0,1
-20.0,4.0,0,0,1
-28.0,4.0,0,0,1
-38.0,8.0,0,0,1
-34.0,12.0,0,0,1
-38.0,8.0,0,0,1
-34.0,8.0,0,0,1
-34.0,10.0,0,0,1
-48.0,2.0,0,0,1
-38.0,12.0,0,0,1
-28.0,6.0,0,0,1
-42.0,10.0,0,0,1
-48.0,12.0,0,0,1
-36.0,2.0,0,0,1
-38.0,14.0,0,0,1
-38.0,22.0,0,0,1
-44.0,2.0,0,0,1
-36.0,14.0,0,0,1
-30.0,12.0,0,0,1
-34.0,16.0,0,0,1
-36.0,16.0,0,0,1
-40.0,8.0,0,0,1
-18.0,6.0,0,0,1
-46.0,16.0,0,0,1
-36.0,10.0,0,0,1
-28.0,14.0,0,0,1
-42.0,10.0,0,0,1
-28.0,16.0,0,0,1
-46.0,10.0,0,0,1
-38.0,10.0,0,0,1
-46.0,8.0,0,0,1
-40.0,12.0,0,0,1
-46.0,2.0,0,0,1
-34.0,12.0,0,0,1
-38.0,6.0,0,0,1
-50.0,10.0,0,0,1
-38.0,8.0,0,0,1
-32.0,18.0,0,0,1
-42.0,8.0,0,0,1
-36.0,8.0,0,0,1
-38.0,8.0,0,0,1
-30.0,8.0,0,0,1
-34.0,10.0,0,0,1
-38.0,10.0,0,0,1
-32.0,10.0,0,0,1
-32.0,10.0,0,0,1
-20.0,2.0,0,0,1
-36.0,14.0,0,0,1
-36.0,6.0,0,0,1
-22.0,0.0,0,0,1
-30.0,18.0,0,0,1
-38.0,2.0,0,0,1
-26.0,8.0,0,0,1
-26.0,6.0,0,0,1
-34.0,4.0,0,0,1
-28.0,-2.0,0,0,1
-34.0,6.0,0,0,1
-28.0,4.0,0,0,1
-28.0,-2.0,0,0,1
-38.0,0.0,0,0,1
-34.0,2.0,0,0,1
-30.0,0.0,0,0,1
-38.0,0.0,0,0,1
-26.0,0.0,0,0,1
-26.0,-2.0,0,0,1
-28.0,2.0,0,0,1
-24.0,2.0,0,0,1
-24.0,12.0,0,0,1
-6.0,20.0,0,0,1
4.0,22.0,0,0,1
22.0,28.0,0,0,1
26.0,22.0,0,0,1
34.0,8.0,0,0,1
8.0,-20.0,0,0,1
-18.0,-8.0,0,0,1
-38.0,-12.0,0,0,1
-32.0,-16.0,0,0,1
-34.0,-10.0,0,0,1
-46.0,-18.0,0,0,1
-52.0,-16.0,0,0,1
-48.0,-16.0,0,0,1
-38.0,-14.0,0,0,1
-38.0,-12.0,0,0,1
-52.0,-8.0,0,0,1
-52.0,-10.0,0,0,1
-44.0,-4.0,0,0,1
-48.0,-8.0,0,0,1
-54.0,-16.0,0,0,1
-38.0,-18.0,0,0,1
-42.0,-10.0,0,0,1
-40.0,-8.0,0,0,1
-22.0,26.0,0,0,1
10.0,-8.0,0,0,1
92.0,20.0,0,0,1
202.0,-48.0,0,0,1
329.0,-120.0,0,0,1
358.0,7.0,0,0,1
326.0,60.0,0,0,1
198.0,52.0,0,0,1
70.0,128.0,0,0,1
10.0,196.0,0,0,1
42.0,238.0,0,0,1
-52.0,324.0,0,0,1
26.0,252.0,0,0,1
-6.0,124.0,0,0,1
-46.0,-4.0,0,0,1
-100.0,-28.0,0,0,1
-100.0,-36.0,0,0,1
-112.0,-42.0,0,0,1
-120.0,-48.0,0,0,1
-106.0,-42.0,0,0,1
-166.0,-50.0,0,0,1
-188.0,-68.0,0,0,1
-154.0,-62.0,0,0,1
-242.0,-52.0,0,0,1
-220.0,-68.0,0,0,1
-250.0,-90.0,0,0,1
-292.0,-88.0,0,0,1
-300.0,-98.0,0,0,1
-270.0,-108.0,0,0,1
-264.0,-110.0,0,0,1
-244.0,-120.0,0,0,1
-220.0,-110.0,0,0,1
-164.0,-114.0,0,0,1
-96.0,-116.0,0,0,1
-86.0,-106.0,0,0,1
-44.0,-78.0,0,0,1
28.0,-80.0,0,0,1
8.0,-50.0,0,0,1
72.0,-34.0,0,0,1
60.0,-36.0,0,0,1
58.0,-24.0,0,0,1
60.0,-12.0,0,0,1
72.0,-2.0,1.4971793003052525,-1.6303058244996564,0
74.0,8.0,0.9862153556139186,-0.7094066115502582,0
56.0,12.0,-1.123571254724492,-0.2163267180025489,0
48.0,14.0,-1.222467502084105,0.3347625747860674,0
58.0,22.0,-0.16757419691489978,0.7843354189030964,0
62.0,32.0,0.030218297804326236,1.4369411603633002,0
62.0,22.0,0,0,0
56.0,30.0,0,0,0
62.0,36.0,0,0,0
62.0,56.0,0,0,0
96.0,68.0,0,0,0
100.0,66.0,0,0,0
140.0,64.0,0,0,0
164.0,32.0,0,0,0
160.0,12.0,0,0,0
126.0,4.0,0,0,0
106.0,12.0,0,0,0
110.0,8.0,0,0,0
96.0,16.0,0,0,0
122.0,12.0,0,0,0
82.0,12.0,0,0,0
84.0,14.0,0,0,0
58.0,14.0,0,0,0
76.0,14.0,0,0,0
40.0,18.0,0,0,0
64.0,22.0,0,0,0
52.0,24.0,0,0,0
52.0,14.0,0,0,0
42.0,48.0,0,0,0
-56.0,196.0,0,0,0
-92.0,274.0,0,0,0
-88.0,344.0,0,0,0
-92.0,270.0,0,0,0
-56.0,142.0,0,0,0
-60.0,14.0,0,0,0
-116.0,-10.0,0,0,0
-142.0,-10.0,0,0,0
-110.0,-14.0,0,0,0
-124.0,-14.0,0,0,0
-156.0,-18.0,0,0,0
-122.0,-24.0,0,0,0
-180.0,-28.0,0,0,0
-210.0,-20.0,0,0,0
-168.0,-32.0,0,0,0
-230.0,-34.0,0,0,0
-258.0,-44.0,0,0,0
-256.0,-66.0,0,0,0
-288.0,-72.0,0,0,0
-238.0,-98.0,0,0,0
-302.0,-108.0,0,0,0
-254.0,-102.0,0,0,0
-214.0,-126.0,0,0,0
-216.0,-122.0,0,0,0
-158.0,-96.0,0,0,0
-100.0,-106.0,0,0,0
-62.0,-96.0,0,0,0
12.0,-70.0,0,0,0
20.0,-62.0,0,0,0
18.0,-46.0,0,0,0
80.0,-34.0,0,0,0
42.0,-26.0,0,0,0
62.0,-20.0,0,0,0
78.0,10.0,0,0,0
78.0,8.0,0,0,0
64.0,18.0,0,0,0
60.0,28.0,0,0,0
80.0,14.0,0,0,0
42.0,22.0,0,0,0
62.0,20.0,0,0,0
72.0,36.0,0,0,0
58.0,32.0,0,0,0
58.0,26.0,0,0,0
72.0,30.0,0,0,0
70.0,34.0,0,0,0
88.0,46.0,0,0,0
90.0,58.0,0,0,0
112.0,76.0,0,0,0
132.0,92.0,0,0,0
142.0,86.0,0,0,0
156.0,66.0,0,0,0
170.0,44.0,0,0,0
158.0,52.0,0,0,0
138.0,44.0,0,0,0
102.0,36.0,0,0,0
82.0,34.0,0,0,0
70.0,34.0,0,0,0
90.0,44.0,0,0,0
86.0,38.0,0,0,0
54.0,38.0,0,0,0
6.0,32.0,0,0,0
50.0,40.0,0,0,0
38.0,42.0,0,0,0
60.0,24.0,0,0,0
18.0,32.0,0,0,0
26.0,38.0,0,0,0
40.0,70.0,0,0,0
56.0,50.0,0,0,0
128.0,16.0,0,0,0
210.0,-76.0,0,0,0
337.0,-92.0,0,0,0
234.0,35.0,0,0,0
108.0,62.0,0,0,0
-20.0,140.0,0,0,0
-82.0,196.0,0,0,0
112.0,10.0,0,0,0
224.0,-86.0,0,0,0
340.0,-98.0,0,0,0
220.0,29.0,1.4971793003052525,-1.6303058244996564,0
92.0,28.0,0.9862153556139186,-0.7094066115502582,0
-36.0,86.0,-1.123571254724492,-0.2163267180025489,0
-10.0,142.0,-1.222467502084105,0.3347625747860674,0
24.0,196.0,-0.16757419691489978,0.7843354189030964,0
-16.0,256.0,0.030218297804326236,1.4369411603633002,0
-2.0,268.0,0,0,0
22.0,150.0,0,0,0
-32.0,22.0,0,0,0
-106.0,-16.0,0,0,0
-130.0,-26.0,0,0,0
-146.0,-38.0,0,0,0
-156.0,-44.0,0,0,0
-178.0,-44.0,0,0,0
-180.0,-54.0,0,0,0
-214.0,-48.0,0,0,0
-178.0,-64.0,0,0,0
-258.0,-64.0,0,0,0
-266.0,-62.0,0,0,0
-288.0,-70.0,0,0,0
-316.0,-82.0,0,0,0
-344.0,-94.0,0,0,0
-362.0,-98.0,0,0,0
-380.0,-112.0,0,0,0
-366.0,-108.0,0,0,0
-354.0,-124.0,0,0,0
-344.0,-122.0,0,0,0
-294.0,-114.0,0,0,0
-266.0,-114.0,0,0,0
-232.0,-104.0,0,0,0
-182.0,-76.0,0,0,0
-106.0,-72.0,0,0,0
-80.0,-58.0,0,0,0
-48.0,-40.0,0,0,0
-40.0,-24.0,0,0,0
0.0,-14.0,0,0,0
14.0,0.0,0,0,0
28.0,12.0,0,0,0
46.0,18.0,0,0,0
32.0,16.0,0,0,0
44.0,24.0,0,0,0
16.0,32.0,0,0,0
34.0,22.0,0,0,0
4.0,40.0,0,0,0
28.0,32.0,0,0,0
12.0,32.0,0,0,0
38.0,36.0,0,0,0
-8.0,44.0,0,0,0
46.0,30.0,0,0,0
28.0,60.0,0,0,0
68.0,58.0,0,0,0
72.0,78.0,0,0,0
128.0,54.0,0,0,0
124.0,48.0,0,0,0
140.0,10.0,0,0,0
128.0,16.0,0,0,0
112.0,14.0,0,0,0
94.0,16.0,0,0,0
80.0,12.0,0,0,0
68.0,10.0,0,0,0
70.0,16.0,0,0,0
90.0,26.0,0,0,0
62.0,24.0,0,0,0
64.0,20.0,0,0,0
58.0,30.0,0,0,0
82.0,18.0,0,0,0
50.0,20.0,0,0,0
50.0,16.0,0,0,0
34.0,14.0,0,0,0
74.0,38.0,0,0,0
182.0,-52.0,0,0,0
288.0,-140.0,0,0,0
354.0,-48.0,0,0,0
278.0,10.0,0,0,0
150.0,-4.0,0,0,0
22.0,72.0,0,0,0
-50.0,142.0,0,0,0
50.0,192.0,0,0,0
-56.0,286.0,0,0,0
0.0,236.0,0,0,0
-12.0,108.0,0,0,0
-88.0,-20.0,0,0,0
-130.0,-44.0,0,0,0
-126.0,-50.0,0,0,0
-158.0,-44.0,0,0,0
-140.0,-54.0,0,0,0
-128.0,-56.0,0,0,0
-212.0,-56.0,0,0,0
-192.0,-58.0,0,0,0
-220.0,-64.0,0,0,0
-212.0,-50.0,0,0,0
-174.0,-70.0,0,0,0
-250.0,-72.0,0,0,0
-244.0,-80.0,0,0,0
-218.0,-78.0,0,0,0
-240.0,-78.0,0,0,0
-210.0,-98.0,0,0,0
-214.0,-104.0,0,0,0
-226.0,-108.0,0,0,0
-182.0,-104.0,0,0,0
-140.0,-108.0,0,0,0
-98.0,-98.0,0,0,0
-64.0,-104.0,0,0,0
-38.0,-94.0,0,0,0
10.0,-74.0,0,0,0
28.0,-70.0,0,0,0
74.0,-70.0,0,0,0
82.0,-52.0,0,0,0
110.0,-42.0,0,0,0
106.0,-36.0,0,0,0
114.0,-18.0,0,0,0
130.0,-20.0,0,0,0
132.0,-34.0,0,0,0
110.0,-12.0,0,0,0
108.0,-20.0,0,0,0
94.0,-16.0,0,0,1
80.0,-12.0,0,0,1
90.0,-10.0,0,0,1
84.0,-10.0,0,0,1
108.0,-8.0,0,0,1
108.0,-6.0,0,0,1
116.0,-8.0,0,0,1
124.0,0.0,0,0,1
130.0,-8.0,0,0,1
128.0,-12.0,0,0,1
140.0,-18.0,0,0,1
118.0,-2.0,0,0,1
194.0,-4.0,0,0,1
188.0,-4.0,0,0,1
76.0,-40.0,0,0,1
-52.0,-90.0,0,0,1
-180.0,-218.0,0,0,1
50.0,24.0,0,0,1
134.0,-8.0,0,0,1
234.0,-110.0,0,0,1
324.0,-86.0,0,0,1
214.0,41.0,1.4971793003052525,-1.6303058244996564,0
86.0,36.0,0.9862153556139186,-0.7094066115502582,0
-42.0,106.0,-1.123571254724492,-0.2163267180025489,0
-24.0,178.0,-1.222467502084105,0.3347625747860674,0
30.0,246.0,-0.16757419691489978,0.7843354189030964,0
-2.0,344.0,0.030218297804326236,1.4369411603633002,0
16.0,316.0,0,0,0
18.0,188.0,0,0,0
-12.0,60.0,0,0,0
-84.0,-8.0,0,0,0
-74.0,-20.0,0,0,0
-102.0,-14.0,0,0,0
-90.0,-8.0,0,0,0
-90.0,-22.0,0,0,0
-114.0,-18.0,0,0,0
-122.0,-28.0,0,0,0
-132.0,-26.0,0,0,0
-182.0,-40.0,0,0,0
-202.0,-42.0,0,0,0
-228.0,-44.0,0,0,0
-262.0,-62.0,0,0,0
-280.0,-92.0,0,0,0
-344.0,-82.0,0,0,0
-308.0,-100.0,0,0,0
-318.0,-106.0,0,0,0
-284.0,-112.0,0,0,0
-262.0,-112.0,0,0,0
-210.0,-126.0,0,0,0
-180.0,-102.0,0,0,0
-88.0,-102.0,0,0,0
-60.0,-86.0,0,0,0
-16.0,-60.0,0,0,0
26.0,-62.0,0,0,0
28.0,-36.0,0,0,0
76.0,-20.0,0,0,0
82.0,-22.0,0,0,0
70.0,-2.0,0,0,0
96.0,4.0,0,0,0
86.0,14.0,0,0,0
96.0,12.0,0,0,0
74.0,14.0,0,0,0
56.0,14.0,0,0,0
60.0,18.0,0,0,0
60.0,30.0,0,0,0
48.0,22.0,0,0,0
42.0,20.0,0,0,0
38.0,32.0,0,0,0
52.0,32.0,0,0,0
52.0,32.0,0,0,0
54.0,56.0,0,0,0
70.0,62.0,0,0,0
68.0,88.0,0,0,0
90.0,90.0,0,0,0
132.0,80.0,0,0,0
150.0,54.0,0,0,0
110.0,34.0,0,0,0
106.0,26.0,0,0,0
98.0,26.0,0,0,0
24.0,24.0,0,0,0
36.0,10.0,0,0,0
8.0,20.0,0,0,0
32.0,22.0,0,0,0
4.0,28.0,0,0,0
-14.0,22.0,0,0,0
-30.0,34.0,0,0,0
-48.0,36.0,0,0,0
14.0,42.0,0,0,0
-8.0,52.0,0,0,0
4.0,44.0,0,0,0
8.0,64.0,0,0,0
42.0,20.0,0,0,0
112.0,-6.0,0,0,0
206.0,-114.0,0,0,0
316.0,-90.0,0,0,0
226.0,37.0,0,0,0
98.0,32.0,0,0,0
-30.0,104.0,0,0,0
-52.0,160.0,0,0,0
-6.0,210.0,0,0,0
-44.0,302.0,0,0,0
-16.0,292.0,0,0,0
-42.0,164.0,0,0,0
-76.0,36.0,0,0,0
-140.0,-6.0,0,0,0
-140.0,-20.0,0,0,0
-166.0,-20.0,0,0,0
-162.0,-20.0,0,0,0
-158.0,-22.0,0,0,0
-182.0,-26.0,0,0,0
-204.0,-26.0,0,0,0
-216.0,-28.0,0,0,0
-230.0,-38.0,0,0,0
-250.0,-34.0,0,0,0
-276.0,-44.0,0,0,0
-290.0,-50.0,0,0,0
-318.0,-52.0,0,0,0
-328.0,-70.0,0,0,0
-334.0,-76.0,0,0,0
-324.0,-82.0,0,0,0
-318.0,-90.0,0,0,0
-312.0,-94.0,0,0,0
-258.0,-88.0,0,0,0
-210.0,-98.0,0,0,0
-168.0,-86.0,0,0,0
-132.0,-64.0,0,0,0
-70.0,-64.0,0,0,0
-40.0,-46.0,0,0,0
-24.0,-32.0,0,0,0
-22.0,-24.0,0,0,0
14.0,-18.0,0,0,0
18.0,-2.0,0,0,0
26.0,-2.0,0,0,0
-4.0,10.0,0,0,0
34.0,24.0,0,0,0
48.0,18.0,0,0,0
28.0,34.0,0,0,1
24.0,32.0,0,0,1
26.0,32.0,0,0,1
8.0,28.0,0,0,1
36.0,36.0,0,0,1
44.0,28.0,0,0,1
26.0,34.0,0,0,1
64.0,44.0,0,0,1
62.0,40.0,0,0,1
56.0,42.0,0,0,1
86.0,64.0,0,0,1
102.0,80.0,0,0,1
142.0,98.0,0,0,1
152.0,96.0,0,0,1
166.0,90.0,0,0,1
170.0,80.0,0,0,1
174.0,60.0,0,0,1
142.0,46.0,0,0,1
128.0,42.0,0,0,1
98.0,38.0,0,0,1
86.0,34.0,0,0,1
72.0,30.0,0,0,1
96.0,34.0,0,0,1
106.0,36.0,0,0,1
70.0,8.0,0,0,1
12.0,26.0,0,0,1
16.0,18.0,0,0,1
22.0,18.0,0,0,1
26.0,14.0,0,0,1
-24.0,18.0,0,0,1
-8.0,16.0,0,0,1
10.0,34.0,0,0,1
28.0,54.0,0,0,1
40.0,18.0,0,0,1
84.0,4.0,0,0,1
188.0,-46.0,0,0,1
300.0,-122.0,0,0,1
354.0,-32.0,0,0,1
280.0,48.0,0,0,1
152.0,18.0,0,0,1
24.0,102.0,0,0,1
-2.0,148.0,0,0,1
46.0,200.0,0,0,1
-36.0,284.0,0,0,1
-10.0,244.0,0,0,1
-12.0,116.0,0,0,1
-46.0,-12.0,0,0,1
-160.0,-18.0,0,0,1
-126.0,-36.0,0,0,1
-136.0,-48.0,0,0,1
-178.0,-28.0,0,0,1
-140.0,-52.0,0,0,1
-206.0,-50.0,0,0,1
-190.0,-64.0,0,0,1
-228.0,-52.0,0,0,1
-276.0,-74.0,0,0,1
-304.0,-42.0,0,0,1
-248.0,-70.0,0,0,1
-308.0,-82.0,0,0,1
-344.0,-80.0,0,0,1
-326.0,-90.0,0,0,1
-306.0,-110.0,0,0,1
-312.0,-126.0,0,0,1
-354.0,-118.0,0,0,1
-244.0,-126.0,0,0,1
-222.0,-132.0,0,0,1
-164.0,-128.0,0,0,1
-118.0,-110.0,0,0,1
-64.0,-104.0,0,0,1
-30.0,-94.0,0,0,1
-4.0,-78.0,0,0,1
6.0,-64.0,0,0,1
30.0,-46.0,0,0,1
54.0,-32.0,0,0,1
80.0,-24.0,0,0,1
76.0,-10.0,0,0,1
78.0,-10.0,0,0,1
80.0,-8.0,0,0,1
72.0,2.0,0,0,1
78.0,-4.0,0,0,1
66.0,2.0,0,0,1
78.0,16.0,0,0,1
108.0,10.0,0,0,1
68.0,4.0,0,0,1
84.0,10.0,0,0,1
94.0,16.0,0,0,1
100.0,16.0,0,0,1
100.0,16.0,0,0,1
98.0,20.0,0,0,1
108.0,22.0,0,0,1
118.0,22.0,0,0,1
116.0,42.0,0,0,1
134.0,62.0,0,0,1
150.0,38.0,0,0,1
142.0,44.0,0,0,1
160.0,2.0,0,0,1
144.0,-2.0,0,0,1
116.0,10.0,0,0,1
114.0,-12.0,0,0,1
74.0,-14.0,0,0,1
72.0,-6.0,0,0,1
72.0,-8.0,0,0,1
64.0,-12.0,0,0,1
64.0,-6.0,0,0,1
50.0,0.0,0,0,1
60.0,-12.0,0,0,1
38.0,-2.0,0,0,1
44.0,-14.0,0,0,1
42.0,8.0,0,0,1
58.0,6.0,0,0,1
48.0,8.0,0,0,1
38.0,24.0,0,0,1
66.0,-2.0,0,0,1
172.0,-98.0,0,0,1
292.0,-192.0,0,0,1
182.0,-65.0,0,0,1
152.0,40.0,0,0,1
24.0,52.0,0,0,1
-48.0,124.0,0,0,1
-52.0,186.0,0,0,1
-58.0,264.0,0,0,1
-96.0,332.0,0,0,1
-58.0,254.0,0,0,1
-90.0,126.0,0,0,1
-142.0,-2.0,0,0,1
-152.0,-12.0,0,0,1
-148.0,-24.0,0,0,1
-186.0,-30.0,0,0,1
-134.0,-20.0,0,0,1
-182.0,-18.0,0,0,1
-222.0,-26.0,0,0,1
-196.0,-14.0,0,0,1
-226.0,-16.0,0,0,1
-238.0,-28.0,0,0,1
-246.0,-18.0,0,0,1
-264.0,-16.0,0,0,1
-260.0,-30.0,0,0,1
-258.0,-30.0,0,0,1
-292.0,-46.0,0,0,1
-266.0,-56.0,0,0,1
-288.0,-68.0,0,0,1
-266.0,-76.0,0,0,1
-268.0,-98.0,0,0,1
-228.0,-94.0,0,0,1
-196.0,-110.0,0,0,1
-180.0,-114.0,0,0,1
-122.0,-78.0,0,0,1
-62.0,-92.0,0,0,1
-40.0,-84.0,0,0,1
-12.0,-68.0,0,0,1
-30.0,-70.0,0,0,1
10.0,-60.0,0,0,1
56.0,-44.0,0,0,1
14.0,-36.0,0,0,1
48.0,-38.0,1.4971793003052525,-1.6303058244996564,0
50.0,-26.0,0.9862153556139186,-0.7094066115502582,0
40.0,-30.0,-1.123571254724492,-0.2163267180025489,0
36.0,-18.0,-1.222467502084105,0.3347625747860674,0
40.0,-18.0,-0.16757419691489978,0.7843354189030964,0
44.0,-16.0,0.030218297804326236,1.4369411603633002,0
14.0,-10.0,0,0,0
48.0,-20.0,0,0,0
70.0,-16.0,0,0,0
44.0,-14.0,0,0,0
46.0,-12.0,0,0,0
66.0,-14.0,0,0,0
56.0,-22.0,0,0,0
120.0,-12.0,0,0,0
94.0,-12.0,0,0,0
116.0,-6.0,0,0,0
130.0,12.0,0,0,0
154.0,22.0,0,0,0
162.0,34.0,0,0,0
178.0,8.0,0,0,0
186.0,-28.0,0,0,0
242.0,-30.0,0,0,0
198.0,-86.0,0,0,0
276.0,-152.0,0,0,0
186.0,-240.0,0,0,0
58.0,-270.0,0,0,0
30.0,8.0,0,0,0
96.0,-32.0,0,0,0
210.0,-140.0,0,0,0
280.0,-80.0,0,0,0
210.0,47.0,0,0,0
82.0,22.0,0,0,0
-46.0,74.0,0,0,0
-48.0,140.0,0,0,0
-18.0,206.0,0,0,0
-66.0,300.0,0,0,0
-70.0,282.0,0,0,0
-50.0,154.0,0,0,0
-66.0,26.0,0,0,0
-136.0,-12.0,0,0,0
-132.0,-16.0,0,0,0
-150.0,-20.0,0,0,0
-138.0,-30.0,0,0,0
-186.0,-26.0,0,0,0
-186.0,-24.0,0,0,0
-172.0,-28.0,0,0,0
-186.0,-40.0,0,0,0
-232.0,-36.0,0,0,0
-264.0,-28.0,0,0,0
-252.0,-42.0,0,0,0
-286.0,-54.0,0,0,0
-314.0,-56.0,0,0,0
-322.0,-72.0,0,0,0
-322.0,-76.0,0,0,0
-330.0,-98.0,0,0,0
-332.0,-80.0,0,0,0
-268.0,-92.0,0,0,0
-234.0,-104.0,0,0,0
-210.0,-108.0,0,0,0
-188.0,-116.0,0,0,0
-124.0,-90.0,0,0,0
-58.0,-92.0,0,0,0
-24.0,-80.0,0,0,0
12.0,-60.0,0,0,0
52.0,-50.0,0,0,0
74.0,-38.0,0,0,0
100.0,-28.0,0,0,0
98.0,-14.0,0,0,0
96.0,-8.0,0,0,0
106.0,-8.0,0,0,0
108.0,6.0,0,0,0
96.0,20.0,0,0,0
104.0,12.0,0,0,0
100.0,20.0,0,0,0
94.0,30.0,0,0,0
88.0,20.0,0,0,0
102.0,28.0,0,0,0
66.0,26.0,0,0,0
120.0,16.0,0,0,0
110.0,22.0,0,0,0
108.0,24.0,0,0,0
108.0,22.0,0,0,0
112.0,44.0,0,0,0
132.0,48.0,0,0,0
154.0,52.0,0,0,0
136.0,40.0,0,0,0
200.0,18.0,0,0,0
190.0,-20.0,0,0,0
108.0,-46.0,0,0,0
-20.0,-120.0,0,0,0
-148.0,-248.0,0,0,0
-276.0,-376.0,0,0,0
234.0,-140.0,0,0,0
334.0,-120.0,0,0,0
244.0,7.0,0,0,0
116.0,-12.0,0,0,0
-12.0,46.0,0,0,0
-38.0,98.0,0,0,0
-8.0,166.0,0,0,0
-68.0,240.0,0,0,0
-34.0,248.0,0,0,0
-36.0,136.0,0,0,0
-64.0,8.0,0,0,0
-140.0,-44.0,0,0,0
-144.0,-44.0,0,0,0
-144.0,-56.0,0,0,0
-168.0,-54.0,0,0,0
-144.0,-54.0,0,0,0
-170.0,-54.0,0,0,0
-176.0,-64.0,0,0,0
-180.0,-62.0,0,0,0
-222.0,-62.0,0,0,0
-240.0,-70.0,0,0,0
-236.0,-70.0,0,0,0
-252.0,-80.0,0,0,0
-274.0,-84.0,0,0,1
-274.0,-96.0,0,0,1
-288.0,-112.0,0,0,1
-274.0,-116.0,0,0,1
-254.0,-122.0,0,0,1
-232.0,-126.0,0,0,1
-196.0,-128.0,0,0,1
-160.0,-118.0,0,0,1
-114.0,-106.0,0,0,1
-58.0,-96.0,0,0,1
-26.0,-84.0,0,0,1
18.0,-62.0,0,0,1
50.0,-64.0,0,0,1
32.0,-36.0,0,0,1
66.0,-30.0,0,0,1
82.0,-24.0,0,0,1
84.0,-14.0,0,0,1
82.0,-14.0,0,0,1
70.0,-8.0,0,0,1
80.0,4.0,0,0,1
64.0,0.0,0,0,1
84.0,0.0,0,0,1
62.0,14.0,0,0,1
70.0,14.0,0,0,1
78.0,16.0,0,0,1
64.0,18.0,0,0,1
68.0,18.0,0,0,1
82.0,18.0,0,0,1
94.0,18.0,0,0,1
92.0,12.0,0,0,1
108.0,20.0,0,0,1
128.0,46.0,0,0,1
156.0,46.0,0,0,1
156.0,38.0,0,0,1
180.0,32.0,0,0,1
194.0,8.0,0,0,1
162.0,-6.0,0,0,1
178.0,-4.0,0,0,1
154.0,-18.0,0,0,1
150.0,-48.0,0,0,1
144.0,-160.0,0,0,1
142.0,-240.0,0,0,1
156.0,-232.0,0,0,1
28.0,-300.0,0,0,1
144.0,-102.0,0,0,1
271.0,-202.0,0,0,1
300.0,-75.0,0,0,1
296.0,52.0,0,0,1
168.0,42.0,0,0,1
40.0,136.0,0,0,1
110.0,194.0,0,0,1
132.0,274.0,0,0,1
78.0,358.0,0,0,1
88.0,304.0,0,0,1
96.0,176.0,0,0,1
28.0,48.0,0,0,1
-48.0,-14.0,0,0,1
-18.0,-18.0,0,0,1
-74.0,-32.0,0,0,1
-48.0,-38.0,0,0,1
-56.0,-24.0,0,0,1
-110.0,-30.0,0,0,1
-66.0,-38.0,0,0,1
-100.0,-26.0,0,0,1
-70.0,-38.0,0,0,1
-114.0,-38.0,0,0,1
-76.0,-32.0,0,0,1
-130.0,-42.0,0,0,1
-140.0,-52.0,0,0,1
-108.0,-52.0,0,0,1
-120.0,-58.0,0,0,1
-136.0,-58.0,0,0,1
-136.0,-62.0,0,0,1
-114.0,-76.0,0,0,1
-134.0,-80.0,0,0,1
-116.0,-80.0,0,0,1
-116.0,-82.0,0,0,1
-98.0,-100.0,0,0,1
-68.0,-102.0,0,0,1
-52.0,-94.0,0,0,1
-14.0,-102.0,0,0,1
-2.0,-84.0,0,0,1
36.0,-84.0,0,0,1
14.0,-68.0,0,0,1
72.0,-58.0,0,0,1
82.0,-42.0,0,0,1
86.0,-42.0,0,0,1
92.0,-26.0,0,0,1
114.0,-14.0,0,0,1
94.0,-20.0,0,0,1
82.0,-6.0,0,0,1
112.0,-8.0,0,0,1
62.0,-14.0,0,0,1
124.0,-4.0,0,0,1
64.0,4.0,0,0,1
96.0,-10.0,0,0,1
98.0,0.0,0,0,1
86.0,-8.0,0,0,1
82.0,-4.0,0,0,1
88.0,-12.0,0,0,1
80.0,2.0,0,0,1
76.0,-8.0,0,0,1
98.0,-4.0,0,0,1
54.0,0.0,0,0,1
80.0,-16.0,0,0,1
84.0,0.0,0,0,1
78.0,-2.0,0,0,1
62.0,-14.0,0,0,1
76.0,-4.0,0,0,1
40.0,-6.0,0,0,1
86.0,-2.0,0,0,1
52.0,-10.0,0,0,1
54.0,4.0,0,0,1
50.0,-8.0,0,0,1
40.0,8.0,0,0,1
50.0,-20.0,0,0,1
56.0,-2.0,0,0,1
56.0,0.0,0,0,1
28.0,-8.0,0,0,1
54.0,-32.0,0,0,1
36.0,4.0,0,0,1
82.0,2.0,0,0,1
14.0,-10.0,0,0,1
54.0,-2.0,0,0,1
28.0,-10.0,0,0,1
58.0,-4.0,0,0,1
40.0,-2.0,0,0,1
38.0,0.0,0,0,1
38.0,8.0,0,0,1
24.0,-16.0,0,0,1
58.0,-2.0,0,0,1
32.0,6.0,0,0,1
40.0,8.0,0,0,1
24.0,-8.0,0,0,1
34.0,-4.0,0,0,1
48.0,0.0,0,0,1
48.0,2.0,0,0,1
40.0,4.0,0,0,1
14.0,4.0,0,0,1
56.0,16.0,0,0,1
92.0,20.0,0,0,1
66.0,24.0,0,0,1
72.0,28.0,0,0,1
72.0,12.0,0,0,1
34.0,2.0,0,0,1
62.0,-8.0,0,0,1
12.0,-20.0,0,0,1
20.0,0.0,0,0,1
8.0,-8.0,0,0,1
4.0,-20.0,0,0,1
0.0,-24.0,0,0,1
22.0,2.0,0,0,1
16.0,0.0,0,0,1
-10.0,-8.0,0,0,1
-26.0,0.0,0,0,1
40.0,-6.0,0,0,1
-14.0,-2.0,0,0,1
-8.0,-4.0,0,0,1
8.0,4.0,0,0,1
-8.0,-4.0,0,0,1
4.0,6.0,0,0,1
2.0,24.0,0,0,1
20.0,36.0,0,0,1
210.0,-60.0,0,0,1
328.0,-140.0,0,0,1
384.0,-30.0,0,0,1
354.0,74.0,1.4971793003052525,-1.6303058244996564,0
226.0,40.0,0.9862153556139186,-0.7094066115502582,0
98.0,122.0,-1.123571254724492,-0.2163267180025489,0
90.0,164.0,-1.222467502084105,0.3347625747860674,0
146.0,222.0,-0.16757419691489978,0.7843354189030964,0
136.0,290.0,0.030218297804326236,1.4369411603633002,0
160.0,234.0,0,0,0
146.0,106.0,0,0,0
34.0,-22.0,0,0,0
-50.0,-26.0,0,0,0
-62.0,-50.0,0,0,0
-66.0,-34.0,0,0,0
-124.0,-48.0,0,0,0
-112.0,-52.0,0,0,0
-92.0,-42.0,0,0,0
-160.0,-48.0,0,0,0
-160.0,-62.0,0,0,0
-200.0,-68.0,0,0,0
-200.0,-72.0,0,0,0
-228.0,-74.0,0,0,0
-252.0,-66.0,0,0,0
-264.0,-60.0,0,0,0
-328.0,-98.0,0,0,0
-300.0,-96.0,0,0,0
-306.0,-104.0,0,0,0
-288.0,-152.0,0,0,0
-260.0,-108.0,0,0,0
-212.0,-84.0,0,0,0
-192.0,-102.0,0,0,0
-120.0,-122.0,0,0,0
-10.0,-94.0,0,0,0
-12.0,-84.0,0,0,0
58.0,-74.0,0,0,0
52.0,-60.0,0,0,0
110.0,-42.0,0,0,0
98.0,-42.0,0,0,0
96.0,-10.0,0,0,0
74.0,-2.0,0,0,0
130.0,26.0,0,0,0
154.0,4.0,0,0,0
116.0,0.0,0,0,0
108.0,22.0,0,0,0
150.0,-10.0,0,0,0
130.0,2.0,0,0,0
138.0,14.0,0,0,0
122.0,26.0,0,0,0
106.0,-12.0,0,0,0
134.0,-6.0,0,0,0
112.0,0.0,0,0,0
148.0,4.0,0,0,0
142.0,-10.0,0,0,0
96.0,2.0,0,0,0
140.0,4.0,0,0,0
122.0,8.0,0,0,0
142.0,48.0,0,0,0
124.0,34.0,0,0,0
174.0,22.0,0,0,0
124.0,2.0,0,0,0
132.0,-38.0,0,0,0
134.0,-74.0,0,0,0
92.0,53.0,0,0,0
48.0,-68.0,0,0,0
48.0,-38.0,0,0,0
58.0,-36.0,0,0,0
56.0,-28.0,0,0,0
16.0,-10.0,0,0,0
62.0,-16.0,0,0,0
-4.0,-26.0,0,0,0
32.0,-14.0,0,0,0
-18.0,-12.0,0,0,0
18.0,-26.0,0,0,0
26.0,-24.0,0,0,0
26.0,12.0,0,0,0
22.0,18.0,0,0,0
36.0,0.0,0,0,0
102.0,-18.0,0,0,0
229.0,-146.0,0,0,0
290.0,-138.0,0,0,0
224.0,-11.0,1.4971793003052525,-1.6303058244996564,0
96.0,42.0,0.9862153556139186,-0.7094066115502582,0
-32.0,126.0,-1.123571254724492,-0.2163267180025489,0
-6.0,174.0,-1.222467502084105,0.3347625747860674,0
68.0,220.0,-0.16757419691489978,0.7843354189030964,0
40.0,320.0,0.030218297804326236,1.4369411603633002,0
92.0,326.0,0,0,0
58.0,198.0,0,0,0
26.0,70.0,0,0,0
-102.0,-14.0,0,0,0
-140.0,-10.0,0,0,0
-176.0,-16.0,0,0,0
-156.0,-14.0,0,0,0
-146.0,-22.0,0,0,0
-196.0,-16.0,0,0,0
-220.0,-12.0,0,0,0
-218.0,-36.0,0,0,0
-246.0,-2.0,0,0,0
-266.0,-24.0,0,0,0
-274.0,-38.0,0,0,0
-286.0,-24.0,0,0,0
-340.0,-46.0,0,0,0
-358.0,-48.0,0,0,0
-366.0,-56.0,0,0,0
-372.0,-70.0,0,0,0
-356.0,-80.0,0,0,0
-330.0,-78.0,0,0,0
-312.0,-78.0,0,0,0
-272.0,-84.0,0,0,0
-210.0,-68.0,0,0,0
-172.0,-56.0,0,0,0
-88.0,-52.0,0,0,0
-72.0,-34.0,0,0,0
-10.0,-18.0,0,0,0
32.0,-16.0,0,0,0
38.0,-2.0,0,0,0
66.0,8.0,0,0,0
74.0,4.0,0,0,0
72.0,16.0,0,0,0
62.0,18.0,0,0,0
76.0,20.0,0,0,0
78.0,20.0,0,0,0
76.0,28.0,0,0,0
62.0,14.0,0,0,0
60.0,28.0,0,0,0
78.0,20.0,0,0,0
76.0,26.0,0,0,0
68.0,30.0,0,0,0
82.0,16.0,0,0,0
52.0,18.0,0,0,0
80.0,24.0,0,0,0
56.0,14.0,0,0,0
62.0,10.0,0,0,0
46.0,22.0,0,0,0
62.0,10.0,0,0,0
52.0,10.0,0,0,0
74.0,2.0,0,0,0
54.0,32.0,0,0,0
74.0,22.0,0,0,0
56.0,50.0,0,0,0
90.0,38.0,0,0,0
106.0,34.0,0,0,0
106.0,28.0,0,0,0
92.0,-2.0,0,0,0
74.0,8.0,0,0,0
52.0,-8.0,0,0,0
16.0,-10.0,0,0,0
20.0,-10.0,0,0,0
8.0,-4.0,0,0,0
52.0,-12.0,0,0,0
4.0,-2.0,0,0,0
8.0,-10.0,0,0,0
-6.0,-6.0,0,0,0
30.0,-4.0,0,0,0
26.0,8.0,0,0,0
8.0,-2.0,0,0,0
16.0,-2.0,0,0,0
26.0,6.0,0,0,0
34.0,40.0,0,0,0
86.0,-4.0,0,0,0
128.0,-56.0,0,0,0
255.0,-168.0,0,0,0
296.0,-92.0,1.4971793003052525,-1.6303058244996564,0
230.0,35.0,0.9862153556139186,-0.7094066115502582,0
102.0,16.0,-1.123571254724492,-0.2163267180025489,0
-12.0,96.0,-1.222467502084105,0.3347625747860674,0
78.0,146.0,-0.16757419691489978,0.7843354189030964,0
142.0,204.0,0.030218297804326236,1.4369411603633002,0
108.0,294.0,0,0,0
148.0,258.0,0,0,0
116.0,130.0,0,0,0
10.0,2.0,0,0,0
-90.0,-18.0,0,0,0
-104.0,-18.0,0,0,0
-114.0,-22.0,0,0,0
-134.0,-26.0,0,0,0
-142.0,-22.0,0,0,0
-158.0,-26.0,0,0,0
-162.0,-30.0,0,0,0
-194.0,-20.0,0,0,0
-196.0,-28.0,0,0,0
-210.0,-30.0,0,0,0
-230.0,-32.0,0,0,0
-260.0,-38.0,0,0,0
-294.0,-46.0,0,0,0
-310.0,-50.0,0,0,0
-326.0,-58.0,0,0,0
-360.0,-76.0,0,0,0
-362.0,-76.0,0,0,0
-364.0,-86.0,0,0,0
-342.0,-94.0,0,0,0
-318.0,-92.0,0,0,0
-286.0,-96.0,0,0,0
-242.0,-90.0,0,0,0
-188.0,-76.0,0,0,0
-144.0,-70.0,0,0,0
-102.0,-62.0,0,0,0
-58.0,-44.0,0,0,0
-26.0,-38.0,0,0,0
6.0,-34.0,0,0,0
18.0,-16.0,0,0,0
28.0,-10.0,0,0,0
32.0,-10.0,0,0,0
42.0,2.0,0,0,0
34.0,0.0,0,0,0
34.0,2.0,0,0,0
34.0,2.0,0,0,0
24.0,8.0,0,0,0
28.0,8.0,0,0,0
28.0,8.0,0,0,0
34.0,10.0,0,0,0
34.0,8.0,0,0,0
32.0,10.0,0,0,0
38.0,14.0,0,0,0
44.0,12.0,0,0,0
32.0,14.0,0,0,0
44.0,10.0,0,0,0
38.0,8.0,0,0,0
40.0,12.0,0,0,0
36.0,8.0,0,0,0
28.0,8.0,0,0,0
26.0,14.0,0,0,0
36.0,4.0,0,0,0
16.0,8.0,0,0,0
20.0,8.0,0,0,0
18.0,10.0,0,0,0
10.0,8.0,0,0,0
18.0,16.0,0,0,0
2.0,12.0,0,0,0
8.0,10.0,0,0,0
10.0,18.0,0,0,0
14.0,26.0,0,0,0
32.0,26.0,0,0,0
48.0,44.0,0,0,0
50.0,44.0,0,0,0
52.0,30.0,0,0,0
18.0,28.0,0,0,0
16.0,4.0,0,0,0
6.0,2.0,0,0,0
-16.0,2.0,0,0,0
-22.0,-4.0,0,0,0
-26.0,-6.0,0,0,0
-16.0,-8.0,0,0,0
-30.0,-2.0,0,0,0
-20.0,0.0,0,0,0
-32.0,-2.0,0,0,0
-22.0,-2.0,0,0,0
-28.0,4.0,0,0,0
-22.0,2.0,0,0,0
-38.0,0.0,0,0,0
-18.0,-2.0,0,0,0
-28.0,4.0,0,0,0
-30.0,-4.0,0,0,0
-24.0,4.0,0,0,0
-14.0,38.0,0,0,0
30.0,10.0,0,0,0
168.0,-58.0,0,0,0
276.0,-170.0,0,0,0
316.0,-104.0,1.4971793003052525,-1.6303058244996564,0
232.0,23.0,0.9862153556139186,-0.7094066115502582,0
104.0,6.0,-1.123571254724492,-0.2163267180025489,0
16.0,82.0,-1.222467502084105,0.3347625747860674,0
88.0,140.0,-0.16757419691489978,0.7843354189030964,0
172.0,190.0,0.030218297804326236,1.4369411603633002,0
128.0,280.0,0,0,0
182.0,260.0,0,0,0
146.0,132.0,0,0,0
88.0,4.0,0,0,0
-40.0,-10.0,0,0,0
-28.0,-12.0,0,0,0
-72.0,-26.0,0,0,0
-76.0,-14.0,0,0,0
-80.0,-24.0,0,0,0
-92.0,-22.0,0,0,0
-108.0,-28.0,0,0,0
-106.0,-24.0,0,0,0
-130.0,-30.0,0,0,0
-148.0,-24.0,0,0,0
-160.0,-32.0,0,0,0
-190.0,-40.0,0,0,0
-194.0,-40.0,0,0,0
-238.0,-48.0,0,0,0
-248.0,-62.0,0,0,0
-268.0,-60.0,0,0,0
-274.0,-76.0,0,0,0
-278.0,-88.0,0,0,0
-276.0,-86.0,0,0,0
-244.0,-94.0,0,0,0
-214.0,-96.0,0,0,0
-180.0,-82.0,0,0,0
-112.0,-76.0,0,0,0
-72.0,-72.0,0,0,0
-40.0,-60.0,0,0,0
10.0,-54.0,0,0,0
46.0,-38.0,0,0,0
64.0,-28.0,0,0,0
74.0,-30.0,0,0,0
96.0,-18.0,0,0,0
110.0,-8.0,0,0,0
106.0,-10.0,0,0,0
94.0,-6.0,0,0,0
110.0,2.0,0,0,0
92.0,-2.0,0,0,0
96.0,-6.0,0,0,0
88.0,4.0,0,0,0
98.0,0.0,0,0,0
96.0,-2.0,0,0,0
102.0,10.0,0,0,0
106.0,4.0,0,0,0
106.0,2.0,0,0,0
112.0,12.0,0,0,0
114.0,2.0,0,0,0
98.0,2.0,0,0,0
108.0,8.0,0,0,0
110.0,2.0,0,0,0
106.0,2.0,0,0,0
92.0,2.0,0,0,0
104.0,-2.0,0,0,0
96.0,4.0,0,0,0
90.0,-2.0,0,0,0
88.0,-2.0,0,0,0
82.0,-4.0,0,0,0
94.0,6.0,0,0,0
74.0,-10.0,0,0,0
80.0,-6.0,0,0,0
76.0,2.0,0,0,0
76.0,-6.0,0,0,0
74.0,4.0,0,0,0
92.0,8.0,0,0,0
112.0,18.0,0,0,0
118.0,26.0,0,0,0
116.0,14.0,0,0,0
76.0,10.0,0,0,0
84.0,-6.0,0,0,0
62.0,-8.0,0,0,0
62.0,-12.0,0,0,0
42.0,-12.0,0,0,0
52.0,-10.0,0,0,0
44.0,-20.0,0,0,0
34.0,-8.0,0,0,0
48.0,4.0,0,0,0
46.0,-4.0,0,0,0
48.0,0.0,0,0,0
32.0,0.0,0,0,0
50.0,-2.0,0,0,0
38.0,0.0,0,0,0
48.0,2.0,0,0,0
40.0,-2.0,0,0,0
40.0,-4.0,0,0,0
46.0,6.0,0,0,0
62.0,34.0,0,0,0
72.0,14.0,0,0,0
26.0,214.0,0,0,0
8.0,316.0,0,0,0
80.0,356.0,0,0,0
-14.0,232.0,0,0,0
-24.0,104.0,0,0,0
-92.0,-2.0,0,0,0
-106.0,-8.0,0,0,0
-120.0,-12.0,0,0,0
-114.0,-10.0,0,0,0
-104.0,-18.0,0,0,0
-134.0,-22.0,0,0,0
-128.0,-10.0,0,0,0
-170.0,-8.0,0,0,0
-194.0,-28.0,0,0,0
-134.0,-8.0,0,0,0
-184.0,-18.0,0,0,0
-248.0,-28.0,0,0,0
-182.0,-24.0,0,0,0
-174.0,-24.0,0,0,0
-302.0,-46.0,0,0,0
-244.0,-60.0,0,0,0
-236.0,-30.0,0,0,1
-332.0,-62.0,0,0,1
-268.0,-72.0,0,0,1
-300.0,-84.0,0,0,1
-262.0,-86.0,0,0,1
-246.0,-102.0,0,0,1
-212.0,-86.0,0,0,1
-192.0,-90.0,0,0,1
-148.0,-104.0,0,0,1
-110.0,-76.0,0,0,1
-26.0,-80.0,0,0,1
2.0,-48.0,0,0,1
-24.0,-46.0,0,0,1
8.0,-36.0,0,0,1
40.0,-32.0,0,0,1
36.0,-18.0,0,0,1
100.0,2.0,0,0,1
74.0,8.0,0,0,1
2.0,8.0,0,0,1
54.0,-8.0,0,0,1
54.0,0.0,0,0,1
32.0,4.0,0,0,1
74.0,-2.0,0,0,1
8.0,-2.0,0,0,1
114.0,24.0,0,0,1
62.0,20.0,0,0,1
50.0,16.0,0,0,1
48.0,14.0,0,0,1
76.0,18.0,0,0,1
66.0,18.0,0,0,1
80.0,12.0,0,0,1
74.0,24.0,0,0,1
102.0,2.0,0,0,1
68.0,18.0,0,0,1
100.0,20.0,0,0,1
54.0,8.0,0,0,1
94.0,24.0,0,0,1
54.0,8.0,0,0,1
86.0,-8.0,0,0,1
84.0,18.0,0,0,1
50.0,4.0,0,0,1
70.0,6.0,0,0,1
64.0,8.0,0,0,1
60.0,14.0,0,0,1
58.0,2.0,0,0,1
40.0,8.0,0,0,1
86.0,14.0,0,0,1
58.0,8.0,0,0,1
50.0,20.0,0,0,1
76.0,18.0,0,0,1
98.0,42.0,0,0,1
100.0,42.0,0,0,1
102.0,22.0,0,0,1
94.0,28.0,0,0,1
70.0,-2.0,0,0,1
70.0,2.0,0,0,1
70.0,-4.0,0,0,1
32.0,-8.0,0,0,1
56.0,-8.0,0,0,1
32.0,-8.0,0,0,1
70.0,-10.0,0,0,1
46.0,8.0,0,0,1
36.0,10.0,0,0,1
58.0,2.0,0,0,1
34.0,8.0,0,0,1
52.0,2.0,0,0,1
52.0,2.0,0,0,1
58.0,12.0,0,0,1
48.0,0.0,0,0,1
54.0,10.0,0,0,1
54.0,2.0,0,0,1
72.0,18.0,0,0,1
80.0,44.0,0,0,1
102.0,18.0,0,0,1
188.0,-64.0,0,0,1
315.0,-168.0,0,0,1
286.0,-60.0,0,0,1
262.0,67.0,0,0,1
134.0,40.0,0,0,1
42.0,112.0,0,0,1
84.0,154.0,0,0,1
212.0,-146.0,0,0,1
339.0,-222.0,0,0,1
228.0,-95.0,1.4971793003052525,-1.6303058244996564,0
232.0,32.0,0.9862153556139186,-0.7094066115502582,0
104.0,34.0,-1.123571254724492,-0.2163267180025489,0
64.0,116.0,-1.222467502084105,0.3347625747860674,0
140.0,164.0,-0.16757419691489978,0.7843354189030964,0
150.0,244.0,0.030218297804326236,1.4369411603633002,0
126.0,332.0,0,0,0
132.0,268.0,0,0,0
118.0,140.0,0,0,0
30.0,12.0,0,0,0
-2.0,-4.0,0,0,0
-18.0,-10.0,0,0,0
-24.0,-10.0,0,0,0
-60.0,-18.0,0,0,0
-44.0,-18.0,0,0,0
-58.0,-14.0,0,0,0
-70.0,-16.0,0,0,0
-76.0,-20.0,0,0,0
-100.0,-18.0,0,0,0
-106.0,-24.0,0,0,0
-114.0,-30.0,0,0,0
-140.0,-22.0,0,0,0
-156.0,-30.0,0,0,0
-160.0,-36.0,0,0,0
-192.0,-30.0,0,0,0
-210.0,-48.0,0,0,0
-236.0,-54.0,0,0,0
-230.0,-58.0,0,0,0
-252.0,-66.0,0,0,0
-262.0,-82.0,0,0,0
-246.0,-82.0,0,0,0
-228.0,-84.0,0,0,0
-200.0,-96.0,0,0,0
-170.0,-94.0,0,0,0
-134.0,-86.0,0,0,0
-74.0,-82.0,0,0,0
-52.0,-72.0,0,0,0
-16.0,-62.0,0,0,0
24.0,-56.0,0,0,0
50.0,-34.0,0,0,0
50.0,-30.0,0,0,0
76.0,-18.0,0,0,0
78.0,-12.0,0,0,0
86.0,-2.0,0,0,0
92.0,-4.0,0,0,0
80.0,4.0,0,0,0
88.0,0.0,0,0,0
70.0,4.0,0,0,0
76.0,6.0,0,0,0
70.0,4.0,0,0,0
70.0,6.0,0,0,0
98.0,18.0,0,0,0
66.0,6.0,0,0,0
72.0,4.0,0,0,0
80.0,10.0,0,0,0
90.0,10.0,0,0,0
88.0,6.0,0,0,0
80.0,12.0,0,0,0
82.0,0.0,0,0,0
82.0,0.0,0,0,0
80.0,4.0,0,0,0
84.0,-4.0,0,0,0
76.0,0.0,0,0,0
78.0,6.0,0,0,0
78.0,0.0,0,0,0
68.0,2.0,0,0,0
58.0,4.0,0,0,0
82.0,4.0,0,0,0
46.0,4.0,0,0,0
66.0,10.0,0,0,0
66.0,10.0,0,0,0
62.0,8.0,0,0,0
60.0,10.0,0,0,0
48.0,8.0,0,0,0
64.0,12.0,0,0,0
54.0,14.0,0,0,0
50.0,6.0,0,0,0
60.0,10.0,0,0,0
48.0,14.0,0,0,0
56.0,8.0,0,0,0
52.0,10.0,0,0,0
38.0,14.0,0,0,0
38.0,12.0,0,0,0
48.0,10.0,0,0,0
44.0,24.0,0,0,0
70.0,22.0,0,0,0
100.0,42.0,0,0,0
86.0,44.0,0,0,0
72.0,22.0,0,0,0
74.0,22.0,0,0,0
60.0,6.0,0,0,0
42.0,-4.0,0,0,0
34.0,-4.0,0,0,0
26.0,-4.0,0,0,0
40.0,-6.0,0,0,0
24.0,-14.0,0,0,0
18.0,-2.0,0,0,0
36.0,0.0,0,0,0
26.0,-2.0,0,0,0
12.0,4.0,0,0,0
18.0,2.0,0,0,0
30.0,0.0,0,0,0
22.0,2.0,0,0,0
26.0,0.0,0,0,0
20.0,2.0,0,0,0
36.0,4.0,0,0,0
38.0,2.0,0,0,0
20.0,-4.0,0,0,0
36.0,34.0,0,0,0
18.0,14.0,0,0,0
86.0,-58.0,0,0,0
160.0,-186.0,0,0,0
232.0,-186.0,1.4971793003052525,-1.6303058244996564,0
112.0,-59.0,0.9862153556139186,-0.7094066115502582,0
34.0,20.0,-1.123571254724492,-0.2163267180025489,0
-94.0,82.0,-1.222467502084105,0.3347625747860674,0
33.0,136.0,-0.16757419691489978,0.7843354189030964,0
66.0,196.0,0.030218297804326236,1.4369411603633002,0
68.0,302.0,0,0,0
94.0,324.0,0,0,0
86.0,196.0,0,0,0
0.0,68.0,0,0,0
-70.0,10.0,0,0,0
-90.0,2.0,0,0,0
-104.0,-8.0,0,0,0
-124.0,-6.0,0,0,0
-108.0,-4.0,0,0,0
-130.0,-6.0,0,0,0
-124.0,-12.0,0,0,0
-142.0,0.0,0,0,0
-130.0,-6.0,0,0,0
-158.0,-8.0,0,0,0
-180.0,-8.0,0,0,0
-170.0,-14.0,0,0,0
-202.0,-14.0,0,0,0
-210.0,-12.0,0,0,0
-238.0,-18.0,0,0,0
-244.0,-26.0,0,0,0
-256.0,-26.0,0,0,0
-280.0,-36.0,0,0,0
-292.0,-46.0,0,0,0
-280.0,-54.0,0,0,0
-292.0,-64.0,0,0,0
-274.0,-70.0,0,0,0
-258.0,-70.0,0,0,0
-226.0,-78.0,0,0,0
-168.0,-76.0,0,0,0
-144.0,-64.0,0,0,0
-92.0,-66.0,0,0,0
-68.0,-50.0,0,0,0
6.0,-30.0,0,0,0
0.0,-28.0,0,0,0
32.0,-22.0,0,0,0
44.0,-10.0,0,0,0
56.0,-4.0,0,0,0
58.0,-2.0,0,0,0
60.0,12.0,0,0,0
52.0,6.0,0,0,0
50.0,6.0,0,0,0
50.0,14.0,0,0,0
32.0,12.0,0,0,0
40.0,12.0,0,0,0
40.0,14.0,0,0,0
38.0,12.0,0,0,0
34.0,16.0,0,0,0
52.0,16.0,0,0,0
50.0,18.0,0,0,0
44.0,16.0,0,0,0
40.0,18.0,0,0,0
58.0,18.0,0,0,0
46.0,16.0,0,0,0
42.0,16.0,0,0,0
44.0,12.0,0,0,0
48.0,14.0,0,0,0
44.0,18.0,0,0,0
42.0,14.0,0,0,0
28.0,12.0,0,0,0
38.0,14.0,0,0,0
28.0,6.0,0,0,0
24.0,10.0,0,0,0
20.0,10.0,0,0,0
34.0,6.0,0,0,0
18.0,2.0,0,0,0
14.0,4.0,0,0,0
28.0,2.0,0,0,0
14.0,4.0,0,0,0
22.0,8.0,0,0,0
10.0,-4.0,0,0,0
4.0,0.0,0,0,0
28.0,6.0,0,0,0
4.0,-4.0,0,0,0
8.0,-2.0,0,0,0
12.0,4.0,0,0,0
24.0,-6.0,0,0,0
-2.0,-2.0,0,0,0
6.0,0.0,0,0,0
8.0,-4.0,0,0,0
20.0,6.0,0,0,0
20.0,8.0,0,0,0
58.0,26.0,0,0,0
60.0,30.0,0,0,0
62.0,14.0,0,0,0
26.0,8.0,0,0,0
16.0,-6.0,0,0,0
18.0,-6.0,0,0,0
6.0,-12.0,0,0,0
0.0,-6.0,0,0,0
-12.0,-12.0,0,0,0
-2.0,-18.0,0,0,0
-8.0,-12.0,0,0,0
-20.0,-2.0,0,0,0
-4.0,-6.0,0,0,0
0.0,-4.0,0,0,0
-12.0,0.0,0,0,0
0.0,-8.0,0,0,0
-6.0,0.0,0,0,0
0.0,2.0,0,0,0
2.0,-4.0,0,0,0
-20.0,-4.0,0,0,0
18.0,0.0,0,0,0
0.0,-8.0,0,0,0
-4.0,16.0,0,0,0
112.0,-110.0,0,0,0
220.0,-230.0,0,0,0
168.0,-103.0,1.4971793003052525,-1.6303058244996564,0
184.0,24.0,0.9862153556139186,-0.7094066115502582,0
56.0,16.0,-1.123571254724492,-0.2163267180025489,0
-24.0,104.0,-1.222467502084105,0.3347625747860674,0
38.0,146.0,-0.16757419691489978,0.7843354189030964,0
100.0,218.0,0.030218297804326236,1.4369411603633002,0
74.0,318.0,0,0,0
94.0,290.0,0,0,0
82.0,162.0,0,0,0
-40.0,34.0,0,0,0
-90.0,-4.0,0,0,0
-92.0,-2.0,0,0,0
-110.0,-6.0,0,0,0
-132.0,-14.0,0,0,0
-124.0,-14.0,0,0,0
-134.0,-6.0,0,0,0
-142.0,-12.0,0,0,0
-134.0,-12.0,0,0,0
-160.0,-12.0,0,0,0
-166.0,-12.0,0,0,0
-170.0,-10.0,0,0,0
-188.0,-8.0,0,0,0
-196.0,-18.0,0,0,0
-226.0,-18.0,0,0,0
-238.0,-24.0,0,0,0
-258.0,-32.0,0,0,0
-268.0,-30.0,0,0,0
-278.0,-40.0,0,0,0
-296.0,-58.0,0,0,0
-302.0,-62.0,0,0,0
-296.0,-68.0,0,0,0
-268.0,-72.0,0,0,0
-258.0,-76.0,0,0,0
-228.0,-82.0,0,0,0
-172.0,-78.0,0,0,0
-142.0,-72.0,0,0,0
-88.0,-58.0,0,0,0
-48.0,-54.0,0,0,0
-6.0,-32.0,0,0,0
14.0,-32.0,0,0,0
30.0,-26.0,0,0,0
54.0,-10.0,0,0,0
56.0,-6.0,0,0,0
58.0,-4.0,0,0,0
52.0,2.0,0,0,0
42.0,10.0,0,0,0
48.0,8.0,0,0,0
30.0,6.0,0,0,0
36.0,4.0,0,0,0
18.0,4.0,0,0,0
36.0,14.0,0,0,0
20.0,12.0,0,0,0
34.0,6.0,0,0,0
26.0,14.0,0,0,0
28.0,10.0,0,0,0
36.0,4.0,0,0,0
38.0,12.0,0,0,0
34.0,10.0,0,0,0
46.0,10.0,0,0,0
38.0,6.0,0,0,0
32.0,6.0,0,0,0
42.0,6.0,0,0,0
30.0,8.0,0,0,0
46.0,6.0,0,0,0
20.0,-4.0,0,0,0
50.0,6.0,0,0,0
20.0,2.0,0,0,0
32.0,-4.0,0,0,0
30.0,2.0,0,0,0
26.0,4.0,0,0,0
26.0,0.0,0,0,0
10.0,4.0,0,0,0
32.0,-2.0,0,0,0
26.0,-2.0,0,0,0
30.0,-2.0,0,0,0
20.0,0.0,0,0,0
34.0,-4.0,0,0,0
32.0,4.0,0,0,0
32.0,6.0,0,0,0
50.0,10.0,0,0,0
62.0,16.0,0,0,0
86.0,32.0,0,0,0
102.0,28.0,0,0,0
70.0,20.0,0,0,0
54.0,6.0,0,0,0
56.0,-6.0,0,0,0
34.0,-2.0,0,0,0
36.0,-4.0,0,0,0
32.0,-10.0,0,0,0
20.0,-6.0,0,0,0
6.0,-18.0,0,0,0
14.0,-2.0,0,0,0
24.0,-2.0,0,0,0
22.0,6.0,0,0,0
10.0,0.0,0,0,0
8.0,0.0,0,0,0
12.0,0.0,0,0,0
20.0,-4.0,0,0,0
20.0,0.0,0,0,0
6.0,-4.0,0,0,0
22.0,4.0,0,0,0
24.0,2.0,0,0,0
32.0,14.0,0,0,0
54.0,20.0,0,0,0
80.0,0.0,0,0,0
204.0,-54.0,0,0,0
268.0,-172.0,0,0,0
346.0,-122.0,1.4971793003052525,-1.6303058244996564,0
238.0,5.0,0.9862153556139186,-0.7094066115502582,0
110.0,10.0,-1.123571254724492,-0.2163267180025489,0
32.0,86.0,-1.222467502084105,0.3347625747860674,0
90.0,124.0,-0.16757419691489978,0.7843354189030964,0
164.0,178.0,0.030218297804326236,1.4369411603633002,0
132.0,282.0,0,0,0
152.0,290.0,0,0,0
134.0,162.0,0,0,0
90.0,34.0,0,0,0
-2.0,0.0,0,0,0
6.0,-4.0,0,0,0
-2.0,-8.0,0,0,0
-58.0,-12.0,0,0,0
-26.0,-12.0,0,0,0
-66.0,-14.0,0,0,0
-40.0,-16.0,0,0,0
-70.0,-12.0,0,0,0
-80.0,-12.0,0,0,0
-94.0,-16.0,0,0,0
-92.0,-16.0,0,0,0
-90.0,-14.0,0,0,0
-140.0,-22.0,0,0,0
-140.0,-32.0,0,0,0
-142.0,-20.0,0,0,0
-178.0,-36.0,0,0,0
-192.0,-42.0,0,0,0
-186.0,-48.0,0,0,0
-230.0,-56.0,0,0,0
-210.0,-66.0,0,0,0
-230.0,-70.0,0,0,0
-212.0,-84.0,0,0,0
-200.0,-90.0,0,0,0
-162.0,-86.0,0,0,0
-140.0,-82.0,0,0,0
-96.0,-84.0,0,0,0
-58.0,-72.0,0,0,0
-12.0,-68.0,0,0,0
20.0,-56.0,0,0,0
46.0,-50.0,0,0,0
60.0,-44.0,0,0,0
78.0,-34.0,0,0,0
108.0,-12.0,0,0,0
108.0,-20.0,0,0,0
100.0,-14.0,0,0,0
92.0,-4.0,0,0,0
122.0,6.0,0,0,0
104.0,4.0,0,0,0
88.0,8.0,0,0,0
80.0,0.0,0,0,0
124.0,6.0,0,0,0
82.0,16.0,0,0,0
104.0,10.0,0,0,0
96.0,10.0,0,0,0
106.0,14.0,0,0,0
96.0,18.0,0,0,0
108.0,14.0,0,0,0
98.0,20.0,0,0,0
100.0,12.0,0,0,0
92.0,8.0,0,0,0
102.0,14.0,0,0,0
116.0,12.0,0,0,0
88.0,4.0,0,0,0
90.0,8.0,0,0,0
84.0,8.0,0,0,0
98.0,8.0,0,0,0
78.0,4.0,0,0,0
88.0,4.0,0,0,0
68.0,4.0,0,0,0
86.0,4.0,0,0,0
80.0,4.0,0,0,0
72.0,-4.0,0,0,0
54.0,-2.0,0,0,0
68.0,-12.0,0,0,0
58.0,0.0,0,0,0
76.0,-4.0,0,0,0
42.0,-10.0,0,0,0
54.0,-6.0,0,0,0
72.0,-4.0,0,0,0
32.0,-16.0,0,0,0
64.0,-6.0,0,0,0
34.0,-8.0,0,0,0
58.0,-4.0,0,0,0
66.0,8.0,0,0,0
98.0,20.0,0,0,0
84.0,26.0,0,0,0
100.0,18.0,0,0,0
82.0,2.0,0,0,0
70.0,-16.0,0,0,0
62.0,-12.0,0,0,0
42.0,-12.0,0,0,0
34.0,-20.0,0,0,0
38.0,-16.0,0,0,0
30.0,-18.0,0,0,0
32.0,-12.0,0,0,0
44.0,-4.0,0,0,0
12.0,-6.0,0,0,0
42.0,-12.0,0,0,0
42.0,-8.0,0,0,0
28.0,0.0,0,0,0
56.0,-6.0,0,0,0
38.0,-8.0,0,0,0
16.0,-14.0,0,0,0
48.0,0.0,0,0,0
32.0,-8.0,0,0,0
58.0,36.0,0,0,0
50.0,-4.0,0,0,0
98.0,-44.0,0,0,0
200.0,-172.0,0,0,0
278.0,-186.0,1.4971793003052525,-1.6303058244996564,0
168.0,-59.0,0.9862153556139186,-0.7094066115502582,0
60.0,8.0,-1.123571254724492,-0.2163267180025489,0
-54.0,88.0,-1.222467502084105,0.3347625747860674,0
73.0,148.0,-0.16757419691489978,0.7843354189030964,0
-2.0,224.0,0.030218297804326236,1.4369411603633002,0
8.0,332.0,0,0,0
16.0,372.0,0,0,0
-24.0,244.0,0,0,0
-6.0,116.0,0,0,0
-90.0,14.0,0,0,0
37.0,2.0,0,0,0
-91.0,-2.0,0,0,0
-88.0,-14.0,0,0,0
-82.0,-10.0,0,0,0
-50.0,-8.0,0,0,0
-142.0,-12.0,0,0,0
-54.0,-2.0,0,0,0
-96.0,-22.0,0,0,0
-120.0,-4.0,0,0,0
-156.0,-8.0,0,0,0
-118.0,-10.0,0,0,0
-176.0,-24.0,0,0,0
-228.0,-28.0,0,0,0
-112.0,-22.0,0,0,0
-240.0,-36.0,0,0,0
-296.0,-44.0,0,0,0
-248.0,-56.0,0,0,0
-268.0,-48.0,0,0,0
-306.0,-62.0,0,0,0
-276.0,-72.0,0,0,0
-262.0,-86.0,0,0,0
-264.0,-78.0,0,0,0
-232.0,-96.0,0,0,0
-164.0,-88.0,0,0,0
-176.0,-86.0,0,0,0
-138.0,-82.0,0,0,0
-36.0,-72.0,0,0,0
-22.0,-54.0,0,0,0
-16.0,-48.0,0,0,0
22.0,-36.0,0,0,0
28.0,-20.0,0,0,0
44.0,-8.0,0,0,0
62.0,-12.0,0,0,0
32.0,2.0,0,0,0
28.0,16.0,0,0,0
72.0,2.0,0,0,0
16.0,12.0,0,0,0
10.0,2.0,0,0,0
52.0,20.0,0,0,0
22.0,16.0,0,0,0
10.0,12.0,0,0,0
22.0,8.0,0,0,0
44.0,22.0,0,0,0
22.0,18.0,0,0,0
26.0,14.0,0,0,0
56.0,10.0,0,0,0
16.0,16.0,0,0,0
6.0,2.0,0,0,0
0.0,8.0,0,0,0
26.0,20.0,0,0,0
30.0,4.0,0,0,0
26.0,14.0,0,0,0
-20.0,12.0,0,0,0
4.0,2.0,0,0,0
26.0,10.0,0,0,0
0.0,12.0,0,0,0
-40.0,-6.0,0,0,0
40.0,10.0,0,0,0
-24.0,10.0,0,0,0
0.0,0.0,0,0,0
-32.0,10.0,0,0,0
44.0,2.0,0,0,0
-48.0,10.0,0,0,0
-10.0,14.0,0,0,0
-12.0,4.0,0,0,0
-12.0,10.0,0,0,0
-16.0,28.0,0,0,0
38.0,46.0,0,0,0
32.0,44.0,0,0,0
20.0,50.0,0,0,0
8.0,32.0,0,0,0
-10.0,6.0,0,0,0
26.0,12.0,0,0,0
-54.0,-10.0,0,0,0
-12.0,20.0,0,0,0
-32.0,2.0,0,0,0
54.0,-6.0,0,0,0
112.0,-46.0,0,0,0
239.0,-174.0,0,0,0
310.0,-138.0,1.4971793003052525,-1.6303058244996564,0
206.0,-11.0,0.9862153556139186,-0.7094066115502582,0
82.0,26.0,-1.123571254724492,-0.2163267180025489,0
-46.0,116.0,-1.222467502084105,0.3347625747860674,0
38.0,184.0,-0.16757419691489978,0.7843354189030964,0
86.0,264.0,0.030218297804326236,1.4369411603633002,0
80.0,354.0,0,0,0
62.0,360.0,0,0,0
70.0,232.0,0,0,0
44.0,104.0,0,0,0
-40.0,-6.0,0,0,0
-32.0,-22.0,0,0,0
-48.0,-8.0,0,0,0
-10.0,-2.0,0,0,0
-100.0,-18.0,0,0,0
-98.0,-16.0,0,0,0
-62.0,-36.0,0,0,0
-74.0,-24.0,0,0,0
-104.0,-30.0,0,0,0
-38.0,-32.0,0,0,0
-118.0,-34.0,0,0,0
-70.0,-22.0,0,0,0
-150.0,-34.0,0,0,0
-150.0,-38.0,0,0,0
-138.0,-52.0,0,0,0
-142.0,-50.0,0,0,0
-152.0,-52.0,0,0,0
-144.0,-50.0,0,0,0
-142.0,-60.0,0,0,0
-116.0,-96.0,0,0,0
-100.0,-84.0,0,0,0
-78.0,-82.0,0,0,0
-60.0,-88.0,0,0,0
-28.0,-64.0,0,0,0
-10.0,-72.0,0,0,0
8.0,-64.0,0,0,0
10.0,-54.0,0,0,0
38.0,-56.0,0,0,0
48.0,-32.0,0,0,0
56.0,-36.0,0,0,0
56.0,6.0,0,0,0
46.0,-2.0,0,0,0
66.0,4.0,0,0,0
58.0,22.0,0,0,0
44.0,24.0,0,0,0
48.0,12.0,0,0,0
52.0,18.0,0,0,0
60.0,10.0,0,0,0
48.0,20.0,0,0,0
72.0,40.0,0,0,0
4.0,6.0,0,0,0
50.0,26.0,0,0,0
36.0,18.0,0,0,0
66.0,18.0,0,0,0
28.0,10.0,0,0,0
52.0,26.0,0,0,0
32.0,16.0,0,0,0
44.0,24.0,0,0,0
22.0,20.0,0,0,0
34.0,10.0,0,0,0
20.0,18.0,0,0,0
36.0,22.0,0,0,0
12.0,10.0,0,0,0
20.0,12.0,0,0,0
10.0,14.0,0,0,0
36.0,12.0,0,0,0
4.0,20.0,0,0,0
18.0,-2.0,0,0,0
38.0,10.0,0,0,0
-2.0,-2.0,0,0,0
14.0,14.0,0,0,0
18.0,10.0,0,0,0
2.0,12.0,0,0,0
8.0,0.0,0,0,0
8.0,4.0,0,0,0
14.0,6.0,0,0,0
-8.0,12.0,0,0,0
0.0,-2.0,0,0,0
6.0,4.0,0,0,0
-10.0,4.0,0,0,0
6.0,-2.0,0,0,0
2.0,4.0,0,0,0
0.0,8.0,0,0,0
10.0,-2.0,0,0,0
0.0,22.0,0,0,0
18.0,32.0,0,0,0
46.0,28.0,0,0,0
46.0,30.0,0,0,0
62.0,42.0,0,0,0
66.0,12.0,0,0,0
44.0,6.0,0,0,0
22.0,-6.0,0,0,0
-8.0,-8.0,0,0,0
6.0,2.0,0,0,0
-12.0,4.0,0,0,0
-4.0,-16.0,0,0,0
-22.0,-10.0,0,0,0
-12.0,14.0,0,0,0
4.0,-2.0,0,0,0
-24.0,2.0,0,0,0
-10.0,-2.0,0,0,0
8.0,-10.0,0,0,0
-6.0,8.0,0,0,0
20.0,-2.0,0,0,0
-10.0,2.0,0,0,0
2.0,-10.0,0,0,0
-8.0,16.0,0,0,0
52.0,42.0,0,0,0
12.0,12.0,0,0,0
56.0,218.0,0,0,0
44.0,340.0,0,0,0
26.0,352.0,0,0,0
8.0,224.0,0,0,0
-10.0,96.0,0,0,0
-52.0,2.0,0,0,0
-42.0,-12.0,0,0,1
-72.0,-22.0,0,0,1
-106.0,-26.0,0,0,1
-80.0,-36.0,0,0,1
-102.0,-22.0,0,0,1
-104.0,-24.0,0,0,1
-118.0,-20.0,0,0,1
-138.0,-28.0,0,0,1
-142.0,-32.0,0,0,1
-146.0,-34.0,0,0,1
-166.0,-32.0,0,0,1
-170.0,-34.0,0,0,1
-172.0,-38.0,0,0,1
-202.0,-40.0,0,0,1
-230.0,-54.0,0,0,1
-238.0,-58.0,0,0,1
-248.0,-60.0,0,0,1
-240.0,-70.0,0,0,1
-270.0,-80.0,0,0,1
-258.0,-92.0,0,0,1
-254.0,-106.0,0,0,1
-270.0,-112.0,0,0,1
-198.0,-112.0,0,0,1
-180.0,-114.0,0,0,1
-144.0,-100.0,0,0,1
-102.0,-104.0,0,0,1
-62.0,-94.0,0,0,1
-48.0,-80.0,0,0,1
8.0,-70.0,0,0,1
20.0,-58.0,0,0,1
52.0,-36.0,0,0,1
64.0,-34.0,0,0,1
32.0,-30.0,0,0,1
58.0,-16.0,0,0,1
72.0,-10.0,0,0,1
30.0,-8.0,0,0,1
60.0,-10.0,0,0,1
38.0,-6.0,0,0,1
58.0,-10.0,0,0,1
26.0,-6.0,0,0,1
56.0,-4.0,0,0,1
40.0,-8.0,0,0,1
50.0,-6.0,0,0,1
48.0,-10.0,0,0,1
20.0,-14.0,0,0,1
74.0,4.0,0,0,1
36.0,-6.0,0,0,1
44.0,-8.0,0,0,1
46.0,-12.0,0,0,1
32.0,-18.0,0,0,1
34.0,-16.0,0,0,1
46.0,-10.0,0,0,1
44.0,-10.0,0,0,1
10.0,-10.0,0,0,1
8.0,-20.0,0,0,1
40.0,-14.0,0,0,1
20.0,-14.0,0,0,1
30.0,-16.0,0,0,1
32.0,-12.0,0,0,1
8.0,-24.0,0,0,1
20.0,-16.0,0,0,1
60.0,-10.0,0,0,1
-18.0,-14.0,0,0,1
24.0,-10.0,0,0,1
28.0,-10.0,0,0,1
4.0,-14.0,0,0,1
26.0,-2.0,0,0,1
46.0,-2.0,0,0,1
48.0,16.0,0,0,1
68.0,26.0,0,0,1
86.0,12.0,0,0,1
34.0,-6.0,0,0,1
20.0,-16.0,0,0,1
40.0,-20.0,0,0,1
24.0,-26.0,0,0,1
-6.0,-14.0,0,0,1
30.0,-24.0,0,0,1
0.0,-38.0,0,0,1
-6.0,-14.0,0,0,1
10.0,-22.0,0,0,1
10.0,-22.0,0,0,1
-18.0,-20.0,0,0,1
24.0,-20.0,0,0,1
8.0,-22.0,0,0,1
-20.0,-22.0,0,0,1
22.0,-28.0,0,0,1
8.0,-18.0,0,0,1
0.0,-16.0,0,0,1
4.0,-30.0,0,0,1
2.0,8.0,0,0,1
18.0,8.0,0,0,1
52.0,-36.0,0,0,1
150.0,-164.0,0,0,1
277.0,-276.0,0,0,1
149.0,-149.0,0,0,1
160.0,-22.0,0,0,1
32.0,76.0,0,0,1
-40.0,136.0,0,0,1
189.0,-146.0,0,0,1
316.0,-222.0,0,0,1
188.0,-95.0,1.4971793003052525,-1.6303058244996564,0
180.0,28.0,0.9862153556139186,-0.7094066115502582,0
52.0,66.0,-1.123571254724492,-0.2163267180025489,0
-8.0,116.0,-1.222467502084105,0.3347625747860674,0
66.0,180.0,-0.16757419691489978,0.7843354189030964,0
100.0,286.0,0.030218297804326236,1.4369411603633002,0
76.0,332.0,0,0,0
44.0,248.0,0,0,0
70.0,120.0,0,0,0
-4.0,4.0,0,0,0
-10.0,10.0,0,0,0
-32.0,-2.0,0,0,0
-66.0,-6.0,0,0,0
-44.0,-6.0,0,0,0
-86.0,-14.0,0,0,0
-68.0,-10.0,0,0,0
-48.0,-4.0,0,0,0
-92.0,-12.0,0,0,0
-76.0,-18.0,0,0,0
-118.0,-8.0,0,0,0
-102.0,-16.0,0,0,0
-136.0,-14.0,0,0,0
-110.0,-20.0,0,0,0
-166.0,-22.0,0,0,0
-164.0,-34.0,0,0,0
-142.0,-26.0,0,0,0
-190.0,-32.0,0,0,0
-210.0,-52.0,0,0,0
-198.0,-48.0,0,0,0
-214.0,-68.0,0,0,0
-184.0,-78.0,0,0,0
-150.0,-74.0,0,0,0
-206.0,-86.0,0,0,0
-162.0,-96.0,0,0,0
-70.0,-74.0,0,0,0
-84.0,-88.0,0,0,0
-40.0,-70.0,0,0,0
18.0,-76.0,0,0,0
18.0,-62.0,0,0,0
76.0,-42.0,0,0,0
58.0,-34.0,0,0,0
102.0,-20.0,0,0,0
106.0,-12.0,0,0,0
96.0,-4.0,0,0,0
114.0,-8.0,0,0,0
84.0,-6.0,0,0,0
108.0,-10.0,0,0,0
98.0,16.0,0,0,0
76.0,-14.0,0,0,0
90.0,2.0,0,0,0
102.0,10.0,0,0,0
94.0,-2.0,0,0,0
64.0,0.0,0,0,0
94.0,8.0,0,0,0
110.0,4.0,0,0,0
96.0,6.0,0,0,0
110.0,10.0,0,0,0
88.0,4.0,0,0,0
92.0,12.0,0,0,0
102.0,4.0,0,0,0
92.0,2.0,0,0,0
78.0,4.0,0,0,0
88.0,0.0,0,0,0
106.0,10.0,0,0,0
74.0,4.0,0,0,0
66.0,-2.0,0,0,0
112.0,-6.0,0,0,0
48.0,4.0,0,0,0
72.0,0.0,0,0,0
70.0,0.0,0,0,0
60.0,-6.0,0,0,0
68.0,-4.0,0,0,0
64.0,-2.0,0,0,0
64.0,-8.0,0,0,0
80.0,-14.0,0,0,0
44.0,-8.0,0,0,0
80.0,10.0,0,0,0
64.0,14.0,0,0,0
102.0,18.0,0,0,0
94.0,16.0,0,0,0
106.0,8.0,0,0,0
82.0,-2.0,0,0,0
80.0,-18.0,0,0,0
76.0,-18.0,0,0,0
32.0,-32.0,0,0,0
58.0,-8.0,0,0,0
50.0,-22.0,0,0,0
40.0,-34.0,0,0,0
30.0,-16.0,0,0,0
52.0,-16.0,0,0,0
42.0,-16.0,0,0,0
28.0,-22.0,0,0,0
56.0,-2.0,0,0,0
40.0,-8.0,0,0,0
50.0,-8.0,0,0,0
4.0,-12.0,0,0,0
72.0,-12.0,0,0,0
32.0,-6.0,0,0,0
42.0,-14.0,0,0,0
28.0,6.0,0,0,0
74.0,26.0,0,0,0
88.0,-2.0,0,0,0
84.0,40.0,0,0,0
160.0,-66.0,0,0,0
240.0,-194.0,0,0,0
306.0,-88.0,1.4971793003052525,-1.6303058244996564,0
208.0,39.0,0.9862153556139186,-0.7094066115502582,0
80.0,38.0,-1.123571254724492,-0.2163267180025489,0
-48.0,126.0,-1.222467502084105,0.3347625747860674,0
62.0,192.0,-0.16757419691489978,0.7843354189030964,0
62.0,260.0,0.030218297804326236,1.4369411603633002,0
72.0,372.0,0,0,0
52.0,362.0,0,0,0
52.0,234.0,0,0,0
42.0,106.0,0,0,0
-10.0,16.0,0,0,0
-10.0,2.0,0,0,0
-26.0,4.0,0,0,0
-36.0,2.0,0,0,0
-40.0,-10.0,0,0,0
-48.0,-4.0,0,0,0
-44.0,-4.0,0,0,0
-58.0,-12.0,0,0,0
-72.0,-12.0,0,0,0
-78.0,-16.0,0,0,0
-86.0,-24.0,0,0,0
-98.0,-18.0,0,0,0
-116.0,-20.0,0,0,0
-112.0,-30.0,0,0,0
-140.0,-30.0,0,0,0
-150.0,-28.0,0,0,0
-162.0,-36.0,0,0,0
-160.0,-48.0,0,0,0
-174.0,-54.0,0,0,0
-186.0,-68.0,0,0,0
-178.0,-68.0,0,0,0
-174.0,-86.0,0,0,0
-172.0,-90.0,0,0,0
-150.0,-102.0,0,0,0
-114.0,-108.0,0,0,0
-74.0,-108.0,0,0,0
-78.0,-96.0,0,0,0
-2.0,-84.0,0,0,0
32.0,-78.0,0,0,0
18.0,-60.0,0,0,0
74.0,-54.0,0,0,0
60.0,-38.0,0,0,0
128.0,-12.0,0,0,0
84.0,-8.0,0,0,0
92.0,-6.0,0,0,0
98.0,-2.0,0,0,0
96.0,4.0,0,0,0
100.0,0.0,0,0,0
88.0,12.0,0,0,0
72.0,4.0,0,0,0
90.0,8.0,0,0,0
80.0,12.0,0,0,0
74.0,16.0,0,0,0
72.0,4.0,0,0,0
84.0,22.0,0,0,0
80.0,14.0,0,0,0
80.0,10.0,0,0,0
76.0,16.0,0,0,0
96.0,18.0,0,0,0
76.0,16.0,0,0,0
50.0,6.0,0,0,0
106.0,12.0,0,0,0
60.0,8.0,0,0,0
72.0,8.0,0,0,0
60.0,10.0,0,0,0
76.0,8.0,0,0,0
62.0,10.0,0,0,0
68.0,14.0,0,0,0
62.0,10.0,0,0,0
60.0,4.0,0,0,0
52.0,6.0,0,0,0
36.0,4.0,0,0,0
48.0,6.0,0,0,0
36.0,4.0,0,0,0
44.0,2.0,0,0,0
48.0,12.0,0,0,0
50.0,14.0,0,0,0
70.0,26.0,0,0,0
82.0,40.0,0,0,0
78.0,38.0,0,0,0
62.0,30.0,0,0,0
70.0,24.0,0,0,0
50.0,0.0,0,0,0
36.0,-6.0,0,0,0
40.0,4.0,0,0,0
22.0,0.0,0,0,0
6.0,-6.0,0,0,0
50.0,-2.0,0,0,0
4.0,10.0,0,0,0
42.0,6.0,0,0,0
28.0,2.0,0,0,0
12.0,12.0,0,0,0
34.0,6.0,0,0,0
4.0,2.0,0,0,0
52.0,12.0,0,0,0
10.0,6.0,0,0,0
56.0,8.0,0,0,0
6.0,8.0,0,0,0
32.0,4.0,0,0,0
32.0,42.0,0,0,0
52.0,26.0,0,0,0
84.0,-36.0,0,0,0
182.0,-164.0,0,0,0
294.0,-230.0,0,0,0
166.0,-103.0,1.4971793003052525,-1.6303058244996564,0
84.0,24.0,0.9862153556139186,-0.7094066115502582,0
-44.0,96.0,-1.123571254724492,-0.2163267180025489,0
0.0,164.0,-1.222467502084105,0.3347625747860674,0
60.0,240.0,-0.16757419691489978,0.7843354189030964,0
68.0,340.0,0.030218297804326236,1.4369411603633002,0
68.0,360.0,0,0,0
58.0,232.0,0,0,0
24.0,104.0,0,0,0
-2.0,12.0,0,0,0
-20.0,8.0,0,0,0
-40.0,4.0,0,0,0
-32.0,-6.0,0,0,0
-44.0,-2.0,0,0,0
-42.0,-2.0,0,0,0
-56.0,-8.0,0,0,0
-50.0,-4.0,0,0,0
-80.0,-16.0,0,0,0
-94.0,-16.0,0,0,0
-68.0,-12.0,0,0,0
-100.0,-16.0,0,0,0
-104.0,-20.0,0,0,0
-132.0,-22.0,0,0,0
-134.0,-24.0,0,0,0
-134.0,-32.0,0,0,0
-156.0,-32.0,0,0,0
-166.0,-50.0,0,0,0
-180.0,-54.0,0,0,0
-164.0,-56.0,0,0,0
-176.0,-72.0,0,0,0
-172.0,-80.0,0,0,0
-160.0,-86.0,0,0,0
-100.0,-90.0,0,0,0
-116.0,-92.0,0,0,0
-54.0,-92.0,0,0,0
-48.0,-94.0,0,0,0
4.0,-80.0,0,0,0
36.0,-66.0,0,0,0
68.0,-68.0,0,0,0
92.0,-48.0,0,0,0
120.0,-32.0,0,0,0
98.0,-24.0,0,0,0
108.0,-20.0,0,0,0
136.0,-8.0,0,0,0
110.0,2.0,0,0,0
114.0,-2.0,0,0,0
116.0,6.0,0,0,0
102.0,4.0,0,0,0
86.0,2.0,0,0,0
102.0,10.0,0,0,0
92.0,4.0,0,0,0
98.0,12.0,0,0,0
98.0,12.0,0,0,0
84.0,10.0,0,0,0
98.0,10.0,0,0,0
118.0,8.0,0,0,0
76.0,12.0,0,0,0
92.0,12.0,0,0,0
94.0,14.0,0,0,0
86.0,12.0,0,0,0
72.0,8.0,0,0,0
94.0,16.0,0,0,0
84.0,6.0,0,0,0
82.0,4.0,0,0,0
76.0,14.0,0,0,0
78.0,10.0,0,0,0
80.0,10.0,0,0,0
58.0,0.0,0,0,0
78.0,8.0,0,0,0
70.0,2.0,0,0,0
62.0,6.0,0,0,0
64.0,-2.0,0,0,0
58.0,-4.0,0,0,0
56.0,6.0,0,0,0
58.0,0.0,0,0,0
58.0,8.0,0,0,0
96.0,22.0,0,0,0
66.0,30.0,0,0,0
98.0,26.0,0,0,0
68.0,12.0,0,0,0
26.0,-4.0,0,0,0
44.0,-16.0,0,0,0
28.0,-12.0,0,0,0
16.0,-14.0,0,0,0
12.0,-22.0,0,0,0
18.0,-16.0,0,0,0
8.0,-14.0,0,0,0
10.0,0.0,0,0,0
14.0,-4.0,0,0,0
14.0,-4.0,0,0,0
16.0,2.0,0,0,0
8.0,4.0,0,0,0
4.0,-4.0,0,0,0
32.0,6.0,0,0,0
10.0,6.0,0,0,0
16.0,6.0,0,0,0
14.0,10.0,0,0,0
18.0,16.0,0,0,0
22.0,46.0,0,0,0
120.0,-54.0,0,0,0
234.0,-182.0,0,0,0
318.0,-146.0,1.4971793003052525,-1.6303058244996564,0
216.0,-19.0,0.9862153556139186,-0.7094066115502582,0
88.0,16.0,-1.123571254724492,-0.2163267180025489,0
-40.0,100.0,-1.222467502084105,0.3347625747860674,0
80.0,154.0,-0.16757419691489978,0.7843354189030964,0
134.0,210.0,0.030218297804326236,1.4369411603633002,0
90.0,312.0,0,0,0
130.0,326.0,0,0,0
100.0,198.0,0,0,0
42.0,70.0,0,0,0
-32.0,8.0,0,0,0
-46.0,-4.0,0,0,0
-66.0,-10.0,0,0,0
-104.0,-16.0,0,0,0
-92.0,-16.0,0,0,0
-92.0,-24.0,0,0,0
-108.0,-16.0,0,0,0
-122.0,-22.0,0,0,0
-114.0,-24.0,0,0,0
-124.0,-24.0,0,0,0
-142.0,-30.0,0,0,0
-146.0,-30.0,0,0,0
-154.0,-30.0,0,0,0
-162.0,-38.0,0,0,0
-180.0,-44.0,0,0,0
-190.0,-34.0,0,0,0
-204.0,-42.0,0,0,0
-212.0,-60.0,0,0,0
-232.0,-58.0,0,0,0
-240.0,-74.0,0,0,0
-238.0,-80.0,0,0,0
-240.0,-82.0,0,0,0
-232.0,-92.0,0,0,0
-218.0,-110.0,0,0,0
-194.0,-106.0,0,0,0
-142.0,-104.0,0,0,0
-122.0,-110.0,0,0,0
-90.0,-94.0,0,0,0
-44.0,-82.0,0,0,0
-2.0,-78.0,0,0,0
10.0,-58.0,0,0,0
40.0,-62.0,0,0,0
52.0,-32.0,0,0,0
66.0,-36.0,0,0,0
64.0,-30.0,0,0,0
62.0,-24.0,0,0,0
68.0,-12.0,0,0,0
70.0,-12.0,0,0,0
56.0,-6.0,0,0,0
56.0,-10.0,0,0,0
54.0,-6.0,0,0,0
56.0,-14.0,0,0,0
50.0,6.0,0,0,0
56.0,-4.0,0,0,0
56.0,-6.0,0,0,0
56.0,2.0,0,0,0
52.0,-6.0,0,0,0
44.0,-2.0,0,0,0
54.0,8.0,0,0,0
48.0,-12.0,0,0,0
54.0,8.0,0,0,0
34.0,0.0,0,0,0
44.0,-4.0,0,0,0
36.0,0.0,0,0,0
30.0,0.0,0,0,0
34.0,0.0,0,0,0
32.0,0.0,0,0,0
20.0,2.0,0,0,0
12.0,2.0,0,0,0
30.0,-2.0,0,0,0
16.0,8.0,0,0,0
18.0,-2.0,0,0,0
18.0,-2.0,0,0,0
22.0,0.0,0,0,0
14.0,-2.0,0,0,0
10.0,6.0,0,0,0
14.0,8.0,0,0,0
52.0,20.0,0,0,0
54.0,30.0,0,0,0
52.0,32.0,0,0,0
50.0,16.0,0,0,0
52.0,8.0,0,0,0
34.0,0.0,0,0,0
8.0,-2.0,0,0,0
8.0,-16.0,0,0,0
-12.0,-8.0,0,0,0
-12.0,-14.0,0,0,0
-14.0,-14.0,0,0,0
-20.0,2.0,0,0,0
0.0,-4.0,0,0,0
-20.0,-6.0,0,0,0
-18.0,-2.0,0,0,0
-18.0,0.0,0,0,0
-10.0,-8.0,0,0,0
-16.0,6.0,0,0,0
-20.0,-8.0,0,0,0
-16.0,-6.0,0,0,0
-18.0,-2.0,0,0,0
-20.0,-4.0,0,0,0
-6.0,24.0,0,0,0
94.0,-34.0,0,0,0
212.0,-122.0,0,0,0
339.0,-138.0,1.4971793003052525,-1.6303058244996564,0
276.0,-11.0,1.4971793003052525,-1.6303058244996564,0
148.0,40.0,0.9862153556139186,-0.7094066115502582,0
20.0,104.0,-1.123571254724492,-0.2163267180025489,0
98.0,160.0,-1.222467502084105,0.3347625747860674,0
144.0,216.0,-0.16757419691489978,0.7843354189030964,0
144.0,300.0,0.030218297804326236,1.4369411603633002,0
160.0,306.0,0,0,0
146.0,178.0,0,0,0
66.0,50.0,0,0,0
-44.0,8.0,0,0,0
-54.0,12.0,0,0,0
-64.0,-8.0,0,0,0
-80.0,4.0,0,0,0
-78.0,-4.0,0,0,0
-88.0,-8.0,0,0,0
-96.0,-6.0,0,0,0
-112.0,2.0,0,0,0
-100.0,-10.0,0,0,0
-104.0,-4.0,0,0,0
-126.0,-10.0,0,0,0
-136.0,-2.0,0,0,0
-146.0,-20.0,0,0,0
-136.0,-10.0,0,0,0
-164.0,-14.0,0,0,0
-164.0,-28.0,0,0,0
-190.0,-30.0,0,0,0
-206.0,-34.0,0,0,0
-206.0,-30.0,0,0,0
-216.0,-64.0,0,0,0
-210.0,-62.0,0,0,0
-200.0,-74.0,0,0,0
-202.0,-66.0,0,0,0
-194.0,-64.0,0,0,0
-144.0,-82.0,0,0,0
-116.0,-72.0,0,0,0
-90.0,-70.0,0,0,0
-44.0,-68.0,0,0,0
-8.0,-62.0,0,0,0
20.0,-38.0,0,0,0
46.0,-46.0,0,0,0
58.0,-20.0,0,0,0
84.0,-16.0,0,0,0
90.0,-4.0,0,0,0
92.0,4.0,0,0,0
98.0,0.0,0,0,0
102.0,6.0,0,0,0
90.0,10.0,0,0,0
82.0,18.0,0,0,0
82.0,-4.0,0,0,0
92.0,10.0,0,0,0
80.0,24.0,0,0,0
84.0,16.0,0,0,0
84.0,22.0,0,0,0
86.0,20.0,0,0,0
80.0,4.0,0,0,0
72.0,18.0,0,0,0
86.0,44.0,0,0,0
74.0,6.0,0,0,0
82.0,2.0,0,0,0
70.0,20.0,0,0,0
70.0,24.0,0,0,0
76.0,10.0,0,0,0
60.0,16.0,0,0,0
64.0,10.0,0,0,0
48.0,18.0,0,0,0
64.0,24.0,0,0,0
58.0,14.0,0,0,0
54.0,12.0,0,0,0
60.0,20.0,0,0,0
66.0,20.0,0,0,0
48.0,12.0,0,0,0
68.0,26.0,0,0,0
58.0,20.0,0,0,0
66.0,22.0,0,0,0
84.0,34.0,0,0,0
102.0,38.0,0,0,0
110.0,38.0,0,0,0
82.0,32.0,0,0,0
74.0,18.0,0,0,0
66.0,4.0,0,0,0
34.0,-6.0,0,0,0
28.0,18.0,0,0,0
30.0,-4.0,0,0,0
28.0,0.0,0,0,0
30.0,-8.0,0,0,0
18.0,16.0,0,0,0
32.0,-6.0,0,0,0
20.0,24.0,0,0,0
22.0,2.0,0,0,0
2.0,10.0,0,0,0
36.0,14.0,0,0,0
20.0,14.0,0,0,0
8.0,20.0,0,0,0
10.0,8.0,0,0,0
12.0,10.0,0,0,0
34.0,16.0,0,0,0
24.0,30.0,0,0,0
62.0,12.0,0,0,0
50.0,-12.0,0,0,0
177.0,-138.0,0,0,0
304.0,-150.0,0,0,0
176.0,-23.0,1.4971793003052525,-1.6303058244996564,0
150.0,42.0,0.9862153556139186,-0.7094066115502582,0
22.0,96.0,-1.123571254724492,-0.2163267180025489,0
76.0,162.0,-1.222467502084105,0.3347625747860674,0
112.0,202.0,-0.16757419691489978,0.7843354189030964,0
106.0,298.0,0.030218297804326236,1.4369411603633002,0
124.0,318.0,0,0,0
102.0,214.0,0,0,0
54.0,86.0,0,0,0
-56.0,20.0,0,0,0
-64.0,2.0,0,0,0
-86.0,2.0,0,0,0
-100.0,-2.0,0,0,0
-108.0,-6.0,0,0,0
-110.0,2.0,0,0,0
-122.0,-8.0,0,0,0
-132.0,-6.0,0,0,0
-138.0,-12.0,0,0,0
-156.0,-4.0,0,0,0
-154.0,-14.0,0,0,0
-162.0,-14.0,0,0,0
-170.0,-14.0,0,0,0
-178.0,-24.0,0,0,0
-196.0,-18.0,0,0,0
-222.0,-32.0,0,0,0
-204.0,-30.0,0,0,0
-230.0,-42.0,0,0,0
-246.0,-34.0,0,0,0
-262.0,-60.0,0,0,0
-250.0,-66.0,0,0,0
-252.0,-52.0,0,0,0
-244.0,-78.0,0,0,0
-224.0,-74.0,0,0,0
-194.0,-88.0,0,0,0
-170.0,-72.0,0,0,0
-124.0,-68.0,0,0,0
-98.0,-66.0,0,0,0
-32.0,-56.0,0,0,0
-18.0,-36.0,0,0,0
12.0,-34.0,0,0,0
44.0,-24.0,0,0,0
56.0,-10.0,0,0,0
66.0,-2.0,0,0,0
76.0,2.0,0,0,0
64.0,14.0,0,0,0
86.0,16.0,0,0,0
82.0,4.0,0,0,0
58.0,40.0,0,0,0
74.0,16.0,0,0,0
72.0,16.0,0,0,0
70.0,26.0,0,0,0
58.0,22.0,0,0,0
70.0,22.0,0,0,0
70.0,22.0,0,0,0
70.0,18.0,0,0,0
52.0,30.0,0,0,0
68.0,20.0,0,0,0
56.0,16.0,0,0,0
54.0,18.0,0,0,0
52.0,18.0,0,0,0
42.0,20.0,0,0,0
40.0,8.0,0,0,0
50.0,18.0,0,0,0
32.0,10.0,0,0,0
32.0,20.0,0,0,0
30.0,8.0,0,0,0
26.0,20.0,0,0,0
34.0,10.0,0,0,0
18.0,22.0,0,0,0
22.0,6.0,0,0,0
14.0,14.0,0,0,0
14.0,16.0,0,0,0
22.0,14.0,0,0,0
12.0,16.0,0,0,0
2.0,14.0,0,0,0
20.0,6.0,0,0,0
10.0,16.0,0,0,0
12.0,30.0,0,0,0
32.0,22.0,0,0,0
50.0,30.0,0,0,0
54.0,50.0,0,0,0
76.0,36.0,0,0,0
38.0,30.0,0,0,0
26.0,12.0,0,0,0
24.0,2.0,0,0,0
4.0,8.0,0,0,0
-6.0,8.0,0,0,0
-4.0,18.0,0,0,0
-2.0,-14.0,0,0,0
-10.0,10.0,0,0,0
-2.0,16.0,0,0,0
2.0,8.0,0,0,0
-18.0,20.0,0,0,0
-10.0,18.0,0,0,0
-14.0,10.0,0,0,0
-8.0,20.0,0,0,0
-8.0,16.0,0,0,0
4.0,8.0,0,0,0
-12.0,28.0,0,0,0
-12.0,6.0,0,0,0
4.0,28.0,0,0,0
10.0,32.0,0,0,0
32.0,4.0,0,0,0
-42.0,0.0,0,0,0
60.0,-106.0,0,0,0
187.0,-230.0,0,0,0
158.0,-103.0,1.4971793003052525,-1.6303058244996564,0
130.0,24.0,0.9862153556139186,-0.7094066115502582,0
2.0,48.0,-1.123571254724492,-0.2163267180025489,0
-126.0,138.0,-1.222467502084105,0.3347625747860674,0
-28.0,192.0,-0.16757419691489978,0.7843354189030964,0
-16.0,268.0,0.030218297804326236,1.4369411603633002,0
-62.0,358.0,0,0,0
-42.0,320.0,0,0,0
-58.0,192.0,0,0,0
-118.0,64.0,0,0,0
-142.0,6.0,0,0,0
-136.0,-14.0,0,0,0
-156.0,-14.0,0,0,0
-156.0,-20.0,0,0,0
-166.0,-14.0,0,0,0
-172.0,-20.0,0,0,0
-182.0,-22.0,0,0,0
-190.0,-20.0,0,0,0
-196.0,-22.0,0,0,0
-206.0,-22.0,0,0,0
-222.0,-30.0,0,0,0
-234.0,-16.0,0,0,0
-232.0,-36.0,0,0,0
-246.0,-34.0,0,0,0
-260.0,-32.0,0,0,0
-274.0,-50.0,0,0,0
-270.0,-46.0,0,0,0
-296.0,-54.0,0,0,0
-296.0,-66.0,0,0,0
-300.0,-76.0,0,0,0
-300.0,-84.0,0,0,0
-284.0,-92.0,0,0,0
-274.0,-104.0,0,0,0
-258.0,-104.0,0,0,0
-230.0,-112.0,0,0,0
-198.0,-104.0,0,0,0
-166.0,-106.0,0,0,0
-116.0,-96.0,0,0,0
-88.0,-80.0,0,0,0
-66.0,-68.0,0,0,0
-34.0,-62.0,0,0,0
-10.0,-44.0,0,0,0
-2.0,-28.0,0,0,0
4.0,-22.0,0,0,0
6.0,-14.0,0,0,0
0.0,4.0,0,0,0
16.0,-6.0,0,0,0
-6.0,2.0,0,0,0
-6.0,2.0,0,0,0
0.0,-6.0,0,0,0
-12.0,6.0,0,0,0
-12.0,4.0,0,0,0
-16.0,2.0,0,0,0
-12.0,-6.0,0,0,0
-8.0,4.0,0,0,0
-26.0,0.0,0,0,0
-14.0,2.0,0,0,0
-6.0,8.0,0,0,0
-14.0,10.0,0,0,0
-16.0,4.0,0,0,0
-14.0,6.0,0,0,0
-12.0,6.0,0,0,0
-22.0,4.0,0,0,0
-18.0,12.0,0,0,0
-4.0,2.0,0,0,0
-6.0,0.0,0,0,0
-22.0,8.0,0,0,0
-10.0,-6.0,0,0,0
-8.0,2.0,0,0,0
10.0,8.0,0,0,0
-8.0,0.0,0,0,0
0.0,0.0,0,0,0
0.0,8.0,0,0,0
14.0,0.0,0,0,0
4.0,2.0,0,0,0
4.0,-4.0,0,0,0
20.0,6.0,0,0,0
40.0,12.0,0,0,0
56.0,30.0,0,0,0
50.0,12.0,0,0,0
70.0,20.0,0,0,0
44.0,12.0,0,0,0
34.0,-6.0,0,0,0
16.0,-22.0,0,0,0
24.0,-12.0,0,0,0
4.0,-18.0,0,0,0
8.0,-28.0,0,0,0
-14.0,-22.0,0,0,0
12.0,-26.0,0,0,0
-4.0,-12.0,0,0,0
0.0,-8.0,0,0,0
-20.0,-20.0,0,0,0
-2.0,-14.0,0,0,0
2.0,-10.0,0,0,0
2.0,-16.0,0,0,0
-2.0,-14.0,0,0,0
8.0,-2.0,0,0,0
-2.0,-14.0,0,0,0
14.0,-10.0,0,0,0
10.0,0.0,0,0,0
28.0,16.0,0,0,0
194.0,-118.0,0,0,0
321.0,-194.0,0,0,0
282.0,-67.0,1.4971793003052525,-1.6303058244996564,0
258.0,60.0,0.9862153556139186,-0.7094066115502582,0
130.0,32.0,-1.123571254724492,-0.2163267180025489,0
34.0,112.0,-1.222467502084105,0.3347625747860674,0
114.0,142.0,-0.16757419691489978,0.7843354189030964,0
154.0,208.0,0.030218297804326236,1.4369411603633002,0
124.0,296.0,0,0,0
144.0,278.0,0,0,0
136.0,150.0,0,0,0
66.0,22.0,0,0,0
26.0,2.0,0,0,0
12.0,2.0,0,0,0
-10.0,-4.0,0,0,0
-26.0,2.0,0,0,0
-36.0,-14.0,0,0,0
-34.0,8.0,0,0,0
-66.0,-6.0,0,0,0
-78.0,10.0,0,0,0
-78.0,2.0,0,0,0
-84.0,-6.0,0,0,0
-104.0,-2.0,0,0,0
-126.0,-2.0,0,0,0
-112.0,0.0,0,0,0
-136.0,-4.0,0,0,0
-156.0,-14.0,0,0,0
-160.0,-14.0,0,0,0
-172.0,-18.0,0,0,0
-178.0,-22.0,0,0,0
-198.0,-34.0,0,0,0
-204.0,-38.0,0,0,0
-192.0,-42.0,0,0,0
-200.0,-52.0,0,0,0
-182.0,-58.0,0,0,0
-182.0,-60.0,0,0,0
-138.0,-58.0,0,0,0
-122.0,-56.0,0,0,0
-90.0,-66.0,0,0,0
-46.0,-40.0,0,0,0
-18.0,-46.0,0,0,0
16.0,-34.0,0,0,0
30.0,-16.0,0,0,0
56.0,-16.0,0,0,0
74.0,10.0,0,0,0
62.0,0.0,0,0,0
72.0,24.0,0,0,0
76.0,14.0,0,0,0
76.0,24.0,0,0,0
52.0,36.0,0,0,0
58.0,28.0,0,0,0
44.0,24.0,0,0,0
60.0,38.0,0,0,0
50.0,30.0,0,0,0
54.0,40.0,0,0,0
46.0,38.0,0,0,0
48.0,32.0,0,0,0
52.0,42.0,0,0,0
54.0,52.0,0,0,0
50.0,36.0,0,0,0
76.0,38.0,0,0,0
68.0,48.0,0,0,0
60.0,44.0,0,0,0
54.0,36.0,0,0,0
84.0,36.0,0,0,0
50.0,38.0,0,0,0
78.0,36.0,0,0,0
54.0,48.0,0,0,0
54.0,40.0,0,0,0
58.0,28.0,0,0,0
40.0,44.0,0,0,0
52.0,40.0,0,0,0
54.0,44.0,0,0,0
60.0,32.0,0,0,0
30.0,34.0,0,0,0
36.0,42.0,0,0,0
32.0,38.0,0,0,0
32.0,48.0,0,0,0
44.0,42.0,0,0,0
46.0,58.0,0,0,0
64.0,64.0,0,0,0
62.0,52.0,0,0,0
30.0,48.0,0,0,0
50.0,32.0,0,0,0
0.0,20.0,0,0,0
8.0,26.0,0,0,0
10.0,30.0,0,0,0
2.0,22.0,0,0,0
10.0,18.0,0,0,0
6.0,32.0,0,0,0
4.0,30.0,0,0,0
28.0,42.0,0,0,0
22.0,24.0,0,0,0
-4.0,22.0,0,0,0
6.0,38.0,0,0,0
36.0,22.0,0,0,0
4.0,44.0,0,0,0
8.0,28.0,0,0,0
18.0,34.0,0,0,0
24.0,38.0,0,0,0
12.0,28.0,0,0,0
48.0,60.0,0,0,0
46.0,30.0,0,0,0
82.0,-20.0,0,0,0
188.0,-140.0,0,0,0
315.0,-222.0,0,0,0
218.0,-95.0,1.4971793003052525,-1.6303058244996564,0
212.0,32.0,0.9862153556139186,-0.7094066115502582,0
84.0,44.0,-1.123571254724492,-0.2163267180025489,0
2.0,118.0,-1.222467502084105,0.3347625747860674,0
72.0,164.0,-0.16757419691489978,0.7843354189030964,0
94.0,238.0,0.030218297804326236,1.4369411603633002,0
68.0,298.0,0,0,0
30.0,228.0,0,0,0
30.0,100.0,0,0,0
-12.0,-14.0,0,0,0
-14.0,4.0,0,0,0
-22.0,-38.0,0,0,0
-24.0,-34.0,0,0,0
-30.0,-38.0,0,0,0
-52.0,-40.0,0,0,0
-72.0,-40.0,0,0,0
-74.0,-46.0,0,0,0
-78.0,-46.0,0,0,0
-100.0,-48.0,0,0,0
-120.0,-54.0,0,0,0
-112.0,-52.0,0,0,0
-130.0,-50.0,0,0,0
-146.0,-52.0,0,0,0
-142.0,-52.0,0,0,0
-156.0,-52.0,0,0,0
-158.0,-60.0,0,0,0
-172.0,-64.0,0,0,0
-178.0,-44.0,0,0,0
-190.0,-92.0,0,0,0
-180.0,-82.0,0,0,0
-208.0,-90.0,0,0,0
-192.0,-98.0,0,0,0
-182.0,-110.0,0,0,0
-158.0,-102.0,0,0,0
-148.0,-110.0,0,0,0
-110.0,-102.0,0,0,0
-90.0,-92.0,0,0,0
-40.0,-94.0,0,0,0
-8.0,-78.0,0,0,0
16.0,-82.0,0,0,0
40.0,-50.0,0,0,0
58.0,-56.0,0,0,0
62.0,-36.0,0,0,0
72.0,-26.0,0,0,0
76.0,-24.0,0,0,0
70.0,-18.0,0,0,0
64.0,2.0,0,0,0
64.0,-14.0,0,0,0
68.0,-2.0,0,0,0
60.0,-12.0,0,0,0
50.0,2.0,0,0,0
44.0,-10.0,0,0,0
48.0,12.0,0,0,0
48.0,-8.0,0,0,0
46.0,-6.0,0,0,0
50.0,0.0,0,0,0
42.0,-4.0,0,0,0
38.0,8.0,0,0,0
20.0,-12.0,0,0,0
32.0,-6.0,0,0,0
34.0,-4.0,0,0,0
30.0,0.0,0,0,0
18.0,-8.0,0,0,0
30.0,8.0,0,0,0
26.0,-20.0,0,0,0
22.0,2.0,0,0,0
14.0,-4.0,0,0,0
32.0,-12.0,0,0,0
24.0,-12.0,0,0,0
14.0,20.0,0,0,0
16.0,-24.0,0,0,0
20.0,-10.0,0,0,0
12.0,0.0,0,0,0
18.0,-6.0,0,0,0
8.0,-2.0,0,0,0
8.0,0.0,0,0,0
38.0,-2.0,0,0,0
32.0,8.0,0,0,0
42.0,24.0,0,0,0
46.0,4.0,0,0,0
36.0,6.0,0,0,0
10.0,-6.0,0,0,0
18.0,-18.0,0,0,0
-12.0,-24.0,0,0,0
-12.0,-14.0,0,0,0
-20.0,-12.0,0,0,0
-22.0,-34.0,0,0,0
-30.0,-10.0,0,0,0
-40.0,-14.0,0,0,0
-22.0,-20.0,0,0,0
-24.0,-18.0,0,0,0
-24.0,-16.0,0,0,0
-32.0,-20.0,0,0,0
-32.0,-4.0,0,0,0
-38.0,-14.0,0,0,0
-18.0,-14.0,0,0,0
-32.0,-6.0,0,0,0
-24.0,-8.0,0,0,0
-16.0,-12.0,0,0,0
-22.0,20.0,0,0,0
-4.0,22.0,0,0,0
18.0,-18.0,0,0,0
100.0,-8.0,0,0,0
210.0,-136.0,0,0,0
314.0,-220.0,0,0,0
210.0,-93.0,0,0,0
242.0,34.0,0,0,0
114.0,56.0,0,0,0
-14.0,144.0,0,0,0
56.0,202.0,0,0,0
86.0,298.0,0,0,0
16.0,372.0,0,0,0
16.0,306.0,0,0,0
38.0,178.0,0,0,0
-6.0,50.0,0,0,0
-72.0,-10.0,0,0,1
-68.0,-12.0,0,0,1
-102.0,-22.0,0,0,1
-80.0,-24.0,0,0,1
-96.0,-18.0,0,0,1
-102.0,-22.0,0,0,1
-134.0,-32.0,0,0,1
-104.0,-26.0,0,0,1
-126.0,-30.0,0,0,1
-134.0,-32.0,0,0,1
-148.0,-36.0,0,0,1
-162.0,-42.0,0,0,1
-158.0,-52.0,0,0,1
-180.0,-62.0,0,0,1
-168.0,-56.0,0,0,1
-170.0,-66.0,0,0,1
-162.0,-68.0,0,0,1
-156.0,-84.0,0,0,1
-134.0,-88.0,0,0,1
-130.0,-80.0,0,0,1
-66.0,-84.0,0,0,1
-68.0,-88.0,0,0,1
-60.0,-76.0,0,0,1
-16.0,-72.0,0,0,1
-2.0,-56.0,0,0,1
2.0,-48.0,0,0,1
20.0,-42.0,0,0,1
28.0,-32.0,0,0,1
28.0,-22.0,0,0,1
58.0,-6.0,0,0,1
26.0,-6.0,0,0,1
40.0,0.0,0,0,1
24.0,0.0,0,0,1
54.0,4.0,0,0,1
6.0,10.0,0,0,1
22.0,6.0,0,0,1
18.0,0.0,0,0,1
20.0,2.0,0,0,1
18.0,8.0,0,0,1
12.0,2.0,0,0,1
20.0,14.0,0,0,1
20.0,4.0,0,0,1
-10.0,-4.0,0,0,1
40.0,14.0,0,0,1
-2.0,12.0,0,0,1
22.0,8.0,0,0,1
0.0,6.0,0,0,1
-10.0,-4.0,0,0,1
12.0,8.0,0,0,1
4.0,10.0,0,0,1
-8.0,4.0,0,0,1
-4.0,-2.0,0,0,1
-6.0,4.0,0,0,1
6.0,0.0,0,0,1
2.0,2.0,0,0,1
-16.0,2.0,0,0,1
-14.0,-4.0,0,0,1
-4.0,2.0,0,0,1
2.0,4.0,0,0,1
-12.0,4.0,0,0,1
-4.0,2.0,0,0,1
-18.0,8.0,0,0,1
-2.0,0.0,0,0,1
-18.0,0.0,0,0,1
-2.0,2.0,0,0,1
-10.0,6.0,0,0,1
-16.0,0.0,0,0,1
0.0,6.0,0,0,1
-22.0,2.0,0,0,1
4.0,-2.0,0,0,1
-14.0,10.0,0,0,1
-8.0,4.0,0,0,1
0.0,6.0,0,0,1
-14.0,10.0,0,0,1
6.0,-10.0,0,0,1
-14.0,4.0,0,0,1
0.0,16.0,0,0,1
-8.0,6.0,0,0,1
4.0,4.0,0,0,1
-14.0,8.0,0,0,1
-2.0,6.0,0,0,1
14.0,20.0,0,0,1
44.0,38.0,0,0,1
44.0,34.0,0,0,1
44.0,28.0,0,0,1
44.0,20.0,0,0,1
52.0,6.0,0,0,1
12.0,-6.0,0,0,1
8.0,-2.0,0,0,1
-8.0,-10.0,0,0,1
-12.0,-20.0,0,0,1
-14.0,-10.0,0,0,1
-22.0,-20.0,0,0,1
2.0,2.0,0,0,1
-8.0,-2.0,0,0,1
-18.0,-14.0,0,0,1
-24.0,-16.0,0,0,1
-2.0,-6.0,0,0,1
-24.0,-6.0,0,0,1
-6.0,-8.0,0,0,1
-10.0,-4.0,0,0,1
4.0,-12.0,0,0,1
-2.0,10.0,0,0,1
22.0,18.0,0,0,1
-8.0,20.0,0,0,1
14.0,-30.0,0,0,1
126.0,-158.0,0,0,1
250.0,-256.0,0,0,1
122.0,-129.0,1.4971793003052525,-1.6303058244996564,0
94.0,-2.0,0.9862153556139186,-0.7094066115502582,0
-34.0,64.0,-1.123571254724492,-0.2163267180025489,0
-70.0,126.0,-1.222467502084105,0.3347625747860674,0
2.0,186.0,-0.16757419691489978,0.7843354189030964,0
20.0,298.0,0.030218297804326236,1.4369411603633002,0
26.0,330.0,0,0,0
-16.0,228.0,0,0,0
-8.0,100.0,0,0,0
-48.0,-12.0,0,0,0
-84.0,-10.0,0,0,0
-94.0,-16.0,0,0,0
-82.0,-30.0,0,0,0
-106.0,-14.0,0,0,0
-110.0,-26.0,0,0,0
-108.0,-32.0,0,0,0
-116.0,-28.0,0,0,0
-110.0,-24.0,0,0,0
-132.0,-32.0,0,0,0
-120.0,-30.0,0,0,0
-136.0,-26.0,0,0,0
-142.0,-38.0,0,0,0
-142.0,-36.0,0,0,0
-156.0,-36.0,0,0,0
-166.0,-42.0,0,0,0
-176.0,-50.0,0,0,0
-190.0,-52.0,0,0,0
-190.0,-64.0,0,0,0
-190.0,-62.0,0,0,0
-214.0,-80.0,0,0,0
-218.0,-64.0,0,0,0
-198.0,-100.0,0,0,0
-186.0,-88.0,0,0,0
-176.0,-114.0,0,0,0
-148.0,-96.0,0,0,0
-112.0,-100.0,0,0,0
-84.0,-96.0,0,0,0
-64.0,-92.0,0,0,0
-20.0,-74.0,0,0,0
14.0,-66.0,0,0,0
24.0,-60.0,0,0,0
46.0,-44.0,0,0,0
48.0,-36.0,0,0,0
64.0,-28.0,0,0,0
62.0,-24.0,0,0,0
52.0,-14.0,0,0,0
56.0,-16.0,0,0,0
68.0,0.0,0,0,0
48.0,-18.0,0,0,0
32.0,8.0,0,0,0
48.0,-12.0,0,0,0
68.0,-6.0,0,0,0
50.0,0.0,0,0,0
52.0,-2.0,0,0,0
54.0,-4.0,0,0,0
52.0,2.0,0,0,0
62.0,8.0,0,0,0
68.0,-2.0,0,0,0
54.0,2.0,0,0,0
54.0,2.0,0,0,0
68.0,6.0,0,0,0
52.0,-10.0,0,0,0
52.0,12.0,0,0,0
42.0,-4.0,0,0,0
50.0,4.0,0,0,0
40.0,-2.0,0,0,0
34.0,-8.0,0,0,0
30.0,-2.0,0,0,0
30.0,-2.0,0,0,0
22.0,-2.0,0,0,0
24.0,-8.0,0,0,0
38.0,-4.0,0,0,0
28.0,-2.0,0,0,0
24.0,-8.0,0,0,0
32.0,0.0,0,0,0
36.0,6.0,0,0,0
46.0,8.0,0,0,0
56.0,24.0,0,0,0
68.0,24.0,0,0,0
72.0,22.0,0,0,0
52.0,14.0,0,0,0
40.0,-6.0,0,0,0
42.0,-10.0,0,0,0
24.0,-12.0,0,0,0
14.0,-8.0,0,0,0
4.0,-14.0,0,0,0
6.0,-4.0,0,0,0
8.0,-30.0,0,0,0
-8.0,4.0,0,0,0
10.0,0.0,0,0,0
-4.0,-12.0,0,0,0
-4.0,-14.0,0,0,0
-4.0,2.0,0,0,0
-10.0,-6.0,0,0,0
0.0,-6.0,0,0,0
-10.0,2.0,0,0,0
-16.0,-4.0,0,0,0
-4.0,-10.0,0,0,0
4.0,-2.0,0,0,0
-6.0,32.0,0,0,0
34.0,4.0,0,0,0
70.0,-30.0,0,0,0
194.0,-158.0,0,0,0
321.0,-166.0,1.4971793003052525,-1.6303058244996564,0
193.0,-39.0,1.4971793003052525,-1.6303058244996564,0
74.0,22.0,0.9862153556139186,-0.7094066115502582,0
-54.0,82.0,-1.123571254724492,-0.2163267180025489,0
22.0,148.0,-1.222467502084105,0.3347625747860674,0
80.0,192.0,-0.16757419691489978,0.7843354189030964,0
62.0,300.0,0.030218297804326236,1.4369411603633002,0
74.0,322.0,0,0,0
40.0,198.0,0,0,0
24.0,70.0,0,0,0
-50.0,-16.0,0,0,0
-80.0,16.0,0,0,0
-74.0,-24.0,0,0,0
-98.0,4.0,0,0,0
-72.0,-16.0,0,0,0
-82.0,10.0,0,0,0
-62.0,-28.0,0,0,0
-90.0,-18.0,0,0,0
-102.0,-30.0,0,0,0
-122.0,-30.0,0,0,0
-142.0,-36.0,0,0,0
-150.0,-42.0,0,0,0
-174.0,-42.0,0,0,0
-166.0,-48.0,0,0,0
-182.0,-50.0,0,0,0
-202.0,-48.0,0,0,0
-216.0,-40.0,0,0,0
-224.0,-54.0,0,0,0
-244.0,-34.0,0,0,0
-222.0,-78.0,0,0,0
-240.0,-74.0,0,0,0
-238.0,-80.0,0,0,0
-234.0,-98.0,0,0,0
-228.0,-98.0,0,0,0
-208.0,-104.0,0,0,0
-184.0,-116.0,0,0,0
-156.0,-104.0,0,0,0
-134.0,-88.0,0,0,0
-88.0,-88.0,0,0,0
-52.0,-78.0,0,0,0
-28.0,-50.0,0,0,0
-8.0,-50.0,0,0,0
24.0,-20.0,0,0,0
30.0,-34.0,0,0,0
48.0,-24.0,0,0,0
50.0,-20.0,0,0,0
38.0,-10.0,0,0,0
44.0,-10.0,0,0,0
24.0,-10.0,0,0,0
28.0,-2.0,0,0,0
28.0,-10.0,0,0,0
32.0,0.0,0,0,0
20.0,0.0,0,0,0
30.0,0.0,0,0,0
20.0,10.0,0,0,0
32.0,12.0,0,0,0
28.0,16.0,0,0,0
42.0,-6.0,0,0,0
34.0,18.0,0,0,0
38.0,-2.0,0,0,0
20.0,8.0,0,0,0
18.0,0.0,0,0,0
20.0,-4.0,0,0,0
8.0,-2.0,0,0,0
4.0,4.0,0,0,0
0.0,-2.0,0,0,0
2.0,-4.0,0,0,0
-12.0,-2.0,0,0,0
-10.0,-4.0,0,0,0
-16.0,-4.0,0,0,0
-14.0,14.0,0,0,0
-18.0,0.0,0,0,0
-16.0,-6.0,0,0,0
-22.0,-6.0,0,0,0
-16.0,-4.0,0,0,0
-22.0,-4.0,0,0,0
-30.0,2.0,0,0,0
-22.0,0.0,0,0,0
-6.0,16.0,0,0,0
6.0,22.0,0,0,0
18.0,16.0,0,0,0
32.0,40.0,0,0,0
14.0,16.0,0,0,0
6.0,6.0,0,0,0
0.0,-12.0,0,0,0
-18.0,-2.0,0,0,0
-26.0,-10.0,0,0,0
-32.0,-14.0,0,0,0
-50.0,-18.0,0,0,0
-40.0,-18.0,0,0,0
-46.0,2.0,0,0,0
-42.0,-8.0,0,0,0
-56.0,-8.0,0,0,0
-44.0,4.0,0,0,0
-56.0,-8.0,0,0,0
-66.0,4.0,0,0,0
-60.0,10.0,0,0,0
-52.0,-2.0,0,0,0
-44.0,4.0,0,0,0
-44.0,4.0,0,0,0
-50.0,4.0,0,0,0
-36.0,38.0,0,0,0
70.0,-92.0,0,0,0
164.0,-218.0,0,0,0
220.0,-146.0,1.4971793003052525,-1.6303058244996564,0
132.0,-19.0,0.9862153556139186,-0.7094066115502582,0
4.0,4.0,-1.123571254724492,-0.2163267180025489,0
-100.0,106.0,-1.222467502084105,0.3347625747860674,0
-4.0,140.0,-0.16757419691489978,0.7843354189030964,0
68.0,204.0,0.030218297804326236,1.4369411603633002,0
28.0,310.0,0,0,0
66.0,304.0,0,0,0
36.0,176.0,0,0,0
-26.0,48.0,0,0,0
-80.0,2.0,0,0,0
-106.0,-2.0,0,0,0
-128.0,-16.0,0,0,0
-112.0,-2.0,0,0,0
-130.0,-24.0,0,0,0
-134.0,-10.0,0,0,0
-142.0,-24.0,0,0,0
-136.0,-24.0,0,0,0
-152.0,-24.0,0,0,0
-160.0,-22.0,0,0,0
-166.0,-30.0,0,0,0
-172.0,-32.0,0,0,0
-192.0,-28.0,0,0,0
-190.0,-36.0,0,0,0
-214.0,-40.0,0,0,0
-200.0,-42.0,0,0,0
-208.0,-50.0,0,0,0
-224.0,-48.0,0,0,0
-230.0,-70.0,0,0,0
-220.0,-74.0,0,0,0
-232.0,-76.0,0,0,0
-226.0,-92.0,0,0,0
-222.0,-104.0,0,0,0
-210.0,-106.0,0,0,0
-188.0,-110.0,0,0,0
-158.0,-116.0,0,0,0
-140.0,-104.0,0,0,0
-102.0,-104.0,0,0,0
-66.0,-94.0,0,0,0
-44.0,-92.0,0,0,0
-24.0,-68.0,0,0,0
0.0,-64.0,0,0,0
20.0,-54.0,0,0,0
30.0,-48.0,0,0,0
24.0,-38.0,0,0,0
26.0,-26.0,0,0,0
36.0,-32.0,0,0,0
18.0,-22.0,0,0,0
22.0,-18.0,0,0,0
24.0,-16.0,0,0,0
38.0,-18.0,0,0,0
28.0,-20.0,0,0,0
14.0,-14.0,0,0,0
30.0,-20.0,0,0,0
28.0,-6.0,0,0,0
30.0,-26.0,0,0,0
16.0,-22.0,0,0,0
34.0,-6.0,0,0,0
34.0,-24.0,0,0,0
14.0,-22.0,0,0,0
14.0,-22.0,0,0,0
16.0,-14.0,0,0,0
10.0,2.0,0,0,0
8.0,-22.0,0,0,0
-2.0,-22.0,0,0,0
10.0,-26.0,0,0,0
-24.0,4.0,0,0,0
-34.0,-26.0,0,0,0
-12.0,-12.0,0,0,0
-34.0,-16.0,0,0,0
-16.0,-22.0,0,0,0
-36.0,-32.0,0,0,0
-44.0,32.0,0,0,0
-30.0,-46.0,0,0,0
-18.0,-6.0,0,0,0
-38.0,-22.0,0,0,0
-10.0,-24.0,0,0,0
-42.0,-10.0,0,0,0
-64.0,12.0,0,0,0
-32.0,-18.0,0,0,0
2.0,12.0,0,0,0
4.0,10.0,0,0,0
20.0,8.0,0,0,0
22.0,40.0,0,0,0
-14.0,4.0,0,0,0
22.0,-50.0,0,0,0
-20.0,-32.0,0,0,0
-56.0,-12.0,0,0,0
-58.0,64.0,0,0,0
-32.0,-46.0,0,0,0
6.0,-32.0,0,0,0
-38.0,-52.0,0,0,0
-54.0,22.0,0,0,0
-28.0,-22.0,0,0,0
-42.0,-30.0,0,0,0
-34.0,-30.0,0,0,0
-74.0,0.0,0,0,0
-48.0,14.0,0,0,0
-10.0,-8.0,0,0,0
-24.0,-32.0,0,0,0
-76.0,44.0,0,0,0
-22.0,-28.0,0,0,0
-42.0,-24.0,0,0,0
120.0,-124.0,0,0,0
247.0,-236.0,0,0,0
126.0,-109.0,1.4971793003052525,-1.6303058244996564,0
164.0,18.0,0.9862153556139186,-0.7094066115502582,0
36.0,68.0,-1.123571254724492,-0.2163267180025489,0
-22.0,156.0,-1.222467502084105,0.3347625747860674,0
38.0,208.0,-0.16757419691489978,0.7843354189030964,0
58.0,304.0,0.030218297804326236,1.4369411603633002,0
38.0,356.0,0,0,0
4.0,238.0,0,0,0
0.0,110.0,0,0,0
-64.0,12.0,0,0,0
-90.0,-2.0,0,0,0
-90.0,-10.0,0,0,0
-102.0,-6.0,0,0,0
-112.0,-12.0,0,0,0
-120.0,-4.0,0,0,0
-122.0,-12.0,0,0,0
-116.0,-18.0,0,0,0
-132.0,-10.0,0,0,0
-136.0,-12.0,0,0,0
-148.0,-18.0,0,0,0
-146.0,-14.0,0,0,0
-150.0,-18.0,0,0,0
-168.0,-28.0,0,0,0
-176.0,-24.0,0,0,0
-180.0,-22.0,0,0,0
-190.0,-44.0,0,0,0
-200.0,-40.0,0,0,0
-210.0,-54.0,0,0,0
-210.0,-58.0,0,0,0
-220.0,-64.0,0,0,0
-216.0,-72.0,0,0,0
-204.0,-84.0,0,0,0
-208.0,-94.0,0,0,0
-168.0,-88.0,0,0,0
-162.0,-104.0,0,0,0
-122.0,-88.0,0,0,0
-76.0,-86.0,0,0,0
-52.0,-80.0,0,0,0
-30.0,-70.0,0,0,0
2.0,-56.0,0,0,0
28.0,-50.0,0,0,0
40.0,-32.0,0,0,0
44.0,-28.0,0,0,0
58.0,-6.0,0,0,0
54.0,-14.0,0,0,0
50.0,6.0,0,0,0
42.0,-8.0,0,0,0
46.0,2.0,0,0,0
34.0,4.0,0,0,0
36.0,6.0,0,0,0
36.0,-6.0,0,0,0
40.0,10.0,0,0,0
36.0,12.0,0,0,0
38.0,4.0,0,0,0
30.0,4.0,0,0,0
40.0,12.0,0,0,0
36.0,16.0,0,0,0
40.0,6.0,0,0,0
44.0,4.0,0,0,0
40.0,14.0,0,0,0
44.0,12.0,0,0,0
38.0,2.0,0,0,0
30.0,6.0,0,0,0
48.0,8.0,0,0,0
38.0,2.0,0,0,0
40.0,8.0,0,0,0
26.0,4.0,0,0,0
36.0,0.0,0,0,0
34.0,0.0,0,0,0
26.0,4.0,0,0,0
20.0,4.0,0,0,0
32.0,0.0,0,0,0
26.0,4.0,0,0,0
32.0,-2.0,0,0,0
20.0,2.0,0,0,0
30.0,10.0,0,0,0
42.0,10.0,0,0,0
44.0,24.0,0,0,0
64.0,24.0,0,0,0
70.0,24.0,0,0,0
54.0,18.0,0,0,0
34.0,6.0,0,0,0
40.0,-12.0,0,0,0
28.0,-10.0,0,0,0
14.0,0.0,0,0,0
6.0,-12.0,0,0,0
4.0,-8.0,0,0,0
14.0,-12.0,0,0,0
-2.0,-4.0,0,0,0
8.0,-10.0,0,0,0
6.0,6.0,0,0,0
12.0,-6.0,0,0,0
-4.0,6.0,0,0,0
8.0,2.0,0,0,0
-4.0,-8.0,0,0,0
6.0,2.0,0,0,0
4.0,4.0,0,0,0
4.0,0.0,0,0,0
-2.0,-2.0,0,0,0
6.0,22.0,0,0,0
30.0,30.0,0,0,0
0.0,24.0,0,0,0
66.0,-60.0,0,0,0
170.0,-188.0,0,0,0
224.0,-164.0,1.4971793003052525,-1.6303058244996564,0
142.0,-37.0,0.9862153556139186,-0.7094066115502582,0
14.0,26.0,-1.123571254724492,-0.2163267180025489,0
-96.0,122.0,-1.222467502084105,0.3347625747860674,0
0.0,174.0,-0.16757419691489978,0.7843354189030964,0
52.0,242.0,0.030218297804326236,1.4369411603633002,0
20.0,342.0,0,0,0
54.0,344.0,0,0,0
14.0,216.0,0,0,0
-36.0,88.0,0,0,0
-90.0,18.0,0,0,0
-82.0,0.0,0,0,0
-108.0,6.0,0,0,0
-106.0,-6.0,0,0,0
-114.0,-2.0,0,0,0
-120.0,-4.0,0,0,0
-126.0,-8.0,0,0,0
-124.0,-8.0,0,0,0
-128.0,-8.0,0,0,0
-144.0,-6.0,0,0,0
-138.0,-16.0,0,0,0
-158.0,-16.0,0,0,0
-156.0,-14.0,0,0,0
-164.0,-24.0,0,0,0
-180.0,-26.0,0,0,0
-184.0,-34.0,0,0,0
-184.0,-38.0,0,0,0
-198.0,-36.0,0,0,0
-208.0,-56.0,0,0,0
-216.0,-50.0,0,0,0
-216.0,-66.0,0,0,0
-220.0,-76.0,0,0,0
-216.0,-82.0,0,0,0
-198.0,-82.0,0,0,0
-180.0,-90.0,0,0,0
-156.0,-96.0,0,0,0
-134.0,-86.0,0,0,0
-96.0,-78.0,0,0,0
-68.0,-80.0,0,0,0
-32.0,-66.0,0,0,0
-8.0,-58.0,0,0,0
14.0,-42.0,0,0,0
28.0,-32.0,0,0,0
38.0,-18.0,0,0,0
32.0,-20.0,0,0,0
40.0,-8.0,0,0,0
38.0,-6.0,0,0,0
30.0,4.0,0,0,0
16.0,2.0,0,0,0
24.0,12.0,0,0,0
20.0,8.0,0,0,0
20.0,4.0,0,0,0
16.0,10.0,0,0,0
18.0,10.0,0,0,0
22.0,12.0,0,0,0
22.0,4.0,0,0,0
26.0,10.0,0,0,0
20.0,12.0,0,0,0
20.0,14.0,0,0,0
20.0,6.0,0,0,0
22.0,8.0,0,0,0
16.0,8.0,0,0,0
20.0,2.0,0,0,0
10.0,10.0,0,0,0
24.0,-2.0,0,0,0
4.0,6.0,0,0,0
4.0,10.0,0,0,0
8.0,0.0,0,0,0
2.0,2.0,0,0,0
-4.0,12.0,0,0,0
0.0,0.0,0,0,0
-8.0,-2.0,0,0,0
-10.0,2.0,0,0,0
-8.0,8.0,0,0,0
-10.0,-2.0,0,0,0
-18.0,6.0,0,0,0
-22.0,2.0,0,0,0
-18.0,4.0,0,0,0
-22.0,-6.0,0,0,0
-18.0,10.0,0,0,0
4.0,14.0,0,0,0
18.0,30.0,0,0,0
18.0,24.0,0,0,0
8.0,22.0,0,0,0
0.0,18.0,0,0,0
-4.0,-12.0,0,0,0
-16.0,-6.0,0,0,0
-32.0,-8.0,0,0,0
-36.0,-2.0,0,0,0
-36.0,-18.0,0,0,0
-36.0,-6.0,0,0,0
-46.0,-22.0,0,0,0
-44.0,-2.0,0,0,0
-32.0,0.0,0,0,0
-44.0,-6.0,0,0,0
-42.0,0.0,0,0,0
-38.0,2.0,0,0,0
-38.0,-4.0,0,0,0
-40.0,0.0,0,0,0
-46.0,14.0,0,0,0
-38.0,-6.0,0,0,0
-30.0,-2.0,0,0,0
-32.0,2.0,0,0,0
-40.0,24.0,0,0,0
172.0,-96.0,0,0,0
299.0,-176.0,0,0,0
252.0,-54.0,1.4971793003052525,-1.6303058244996564,0
256.0,73.0,0.9862153556139186,-0.7094066115502582,0
128.0,30.0,-1.123571254724492,-0.2163267180025489,0
54.0,120.0,-1.222467502084105,0.3347625747860674,0
132.0,170.0,-0.16757419691489978,0.7843354189030964,0
164.0,208.0,0.030218297804326236,1.4369411603633002,0
140.0,300.0,0,0,0
170.0,276.0,0,0,0
146.0,148.0,0,0,0
24.0,20.0,0,0,0
-20.0,18.0,0,0,0
-32.0,18.0,0,0,0
-58.0,-8.0,0,0,0
-76.0,10.0,0,0,0
-70.0,-12.0,0,0,0
-78.0,14.0,0,0,0
-94.0,-12.0,0,0,0
-108.0,-16.0,0,0,0
-106.0,14.0,0,0,0
-114.0,-16.0,0,0,0
-134.0,-2.0,0,0,0
-134.0,-26.0,0,0,0
-142.0,-6.0,0,0,0
-126.0,-32.0,0,0,0
-138.0,-12.0,0,0,0
-162.0,-34.0,0,0,0
-164.0,-10.0,0,0,0
-174.0,-32.0,0,0,0
-198.0,-44.0,0,0,0
-218.0,-6.0,0,0,0
-176.0,-64.0,0,0,0
-208.0,-54.0,0,0,0
-178.0,-52.0,0,0,0
-174.0,-92.0,0,0,0
-156.0,-64.0,0,0,0
-106.0,-80.0,0,0,0
-96.0,-60.0,0,0,0
-62.0,-64.0,0,0,0
-36.0,-54.0,0,0,0
18.0,-50.0,0,0,0
26.0,-36.0,0,0,0
36.0,-22.0,0,0,0
72.0,-14.0,0,0,0
76.0,-14.0,0,0,0
74.0,-10.0,0,0,0
80.0,12.0,0,0,0
80.0,-8.0,0,0,0
80.0,8.0,0,0,0
70.0,0.0,0,0,0
62.0,6.0,0,0,0
78.0,16.0,0,0,0
76.0,4.0,0,0,0
66.0,22.0,0,0,0
64.0,2.0,0,0,0
70.0,8.0,0,0,0
82.0,6.0,0,0,0
72.0,16.0,0,0,0
72.0,8.0,0,0,0
70.0,8.0,0,0,0
62.0,12.0,0,0,0
48.0,10.0,0,0,0
54.0,8.0,0,0,0
62.0,12.0,0,0,0
48.0,6.0,0,0,0
52.0,8.0,0,0,0
44.0,18.0,0,0,0
42.0,0.0,0,0,0
34.0,16.0,0,0,0
44.0,14.0,0,0,0
30.0,6.0,0,0,0
34.0,16.0,0,0,0
34.0,10.0,0,0,0
22.0,12.0,0,0,0
24.0,12.0,0,0,0
16.0,12.0,0,0,0
30.0,8.0,0,0,0
20.0,14.0,0,0,0
12.0,18.0,0,0,0
30.0,28.0,0,0,0
42.0,16.0,0,0,0
40.0,34.0,0,0,0
48.0,62.0,0,0,0
82.0,6.0,0,0,0
68.0,40.0,0,0,0
44.0,-8.0,0,0,0
32.0,8.0,0,0,0
12.0,14.0,0,0,0
26.0,2.0,0,0,0
-6.0,6.0,0,0,0
18.0,12.0,0,0,0
-2.0,-8.0,0,0,0
14.0,18.0,0,0,0
6.0,10.0,0,0,0
-10.0,10.0,0,0,0
12.0,12.0,0,0,0
4.0,22.0,0,0,0
12.0,2.0,0,0,0
8.0,26.0,0,0,0
2.0,2.0,0,0,0
10.0,12.0,0,0,0
-4.0,10.0,0,0,0
-8.0,10.0,0,0,0
20.0,30.0,0,0,0
22.0,18.0,0,0,0
36.0,20.0,0,0,0
68.0,-32.0,0,0,0
158.0,-160.0,0,0,0
285.0,-170.0,0,0,0
157.0,-43.0,1.4971793003052525,-1.6303058244996564,0
128.0,46.0,0.9862153556139186,-0.7094066115502582,0
0.0,108.0,-1.123571254724492,-0.2163267180025489,0
40.0,184.0,-1.222467502084105,0.3347625747860674,0
56.0,230.0,-0.16757419691489978,0.7843354189030964,0
56.0,332.0,0.030218297804326236,1.4369411603633002,0
66.0,350.0,0,0,0
16.0,222.0,0,0,0
18.0,94.0,0,0,0
-58.0,12.0,0,0,0
-66.0,2.0,0,0,0
-80.0,6.0,0,0,0
-76.0,-6.0,0,0,0
-104.0,-12.0,0,0,0
-86.0,-2.0,0,0,0
-108.0,-8.0,0,0,0
-94.0,-16.0,0,0,0
-116.0,-12.0,0,0,0
-116.0,-18.0,0,0,0
-116.0,-14.0,0,0,0
-128.0,-12.0,0,0,0
-144.0,-24.0,0,0,0
-134.0,-32.0,0,0,0
-150.0,-20.0,0,0,0
-156.0,-46.0,0,0,0
-150.0,-34.0,0,0,0
-170.0,-46.0,0,0,0
-172.0,-58.0,0,0,0
-180.0,-58.0,0,0,0
-184.0,-66.0,0,0,0
-192.0,-82.0,0,0,0
-160.0,-84.0,0,0,0
-174.0,-86.0,0,0,0
-158.0,-90.0,0,0,0
-134.0,-94.0,0,0,0
-84.0,-84.0,0,0,0
-68.0,-88.0,0,0,0
-44.0,-68.0,0,0,0
-2.0,-70.0,0,0,0
10.0,-52.0,0,0,0
42.0,-48.0,0,0,0
40.0,-26.0,0,0,0
56.0,-26.0,0,0,0
64.0,-4.0,0,0,0
54.0,0.0,0,0,0
62.0,-2.0,0,0,0
58.0,6.0,0,0,0
44.0,16.0,0,0,0
36.0,8.0,0,0,0
32.0,12.0,0,0,0
32.0,8.0,0,0,0
38.0,18.0,0,0,0
34.0,8.0,0,0,0
26.0,26.0,0,0,0
24.0,4.0,0,0,0
38.0,14.0,0,0,0
22.0,16.0,0,0,0
32.0,14.0,0,0,0
12.0,10.0,0,0,0
38.0,8.0,0,0,0
26.0,10.0,0,0,0
22.0,16.0,0,0,0
14.0,8.0,0,0,0
26.0,6.0,0,0,0
16.0,8.0,0,0,0
12.0,10.0,0,0,0
12.0,14.0,0,0,0
12.0,10.0,0,0,0
2.0,12.0,0,0,0
-2.0,6.0,0,0,0
14.0,10.0,0,0,0
0.0,10.0,0,0,0
-2.0,12.0,0,0,0
0.0,0.0,0,0,0
-10.0,16.0,0,0,0
-10.0,14.0,0,0,0
12.0,8.0,0,0,0
2.0,18.0,0,0,0
24.0,30.0,0,0,0
50.0,42.0,0,0,0
34.0,42.0,0,0,0
32.0,28.0,0,0,0
14.0,16.0,0,0,0
14.0,16.0,0,0,0
6.0,-8.0,0,0,0
-20.0,14.0,0,0,0
-18.0,-4.0,0,0,0
-14.0,2.0,0,0,0
-32.0,-14.0,0,0,0
-34.0,12.0,0,0,0
-20.0,8.0,0,0,0
-32.0,6.0,0,0,0
-42.0,14.0,0,0,0
-30.0,6.0,0,0,0
-30.0,12.0,0,0,0
-24.0,6.0,0,0,0
-36.0,10.0,0,0,0
-30.0,0.0,0,0,0
-28.0,18.0,0,0,0
-26.0,8.0,0,0,0
-10.0,40.0,0,0,0
14.0,8.0,0,0,0
94.0,-120.0,0,0,0
194.0,-248.0,0,0,0
150.0,-121.0,1.4971793003052525,-1.6303058244996564,0
164.0,6.0,0.9862153556139186,-0.7094066115502582,0
36.0,62.0,-1.123571254724492,-0.2163267180025489,0
-60.0,134.0,-1.222467502084105,0.3347625747860674,0
20.0,208.0,-0.16757419691489978,0.7843354189030964,0
68.0,298.0,0.030218297804326236,1.4369411603633002,0
-8.0,368.0,0,0,0
6.0,314.0,0,0,0
22.0,186.0,0,0,0
-68.0,58.0,0,0,0
-80.0,6.0,0,0,0
-96.0,0.0,0,0,0
-92.0,0.0,0,0,0
-110.0,-10.0,0,0,0
-106.0,-6.0,0,0,0
-122.0,-10.0,0,0,0
-118.0,-18.0,0,0,0
-124.0,-12.0,0,0,0
-126.0,-16.0,0,0,0
-138.0,-20.0,0,0,0
-138.0,-22.0,0,0,0
-140.0,-18.0,0,0,0
-156.0,-28.0,0,0,0
-162.0,-22.0,0,0,0
-168.0,-30.0,0,0,0
-166.0,-40.0,0,0,0
-184.0,-36.0,0,0,0
-186.0,-46.0,0,0,0
-186.0,-56.0,0,0,0
-188.0,-62.0,0,0,0
-202.0,-68.0,0,0,0
-192.0,-82.0,0,0,0
-170.0,-86.0,0,0,0
-164.0,-82.0,0,0,0
-146.0,-102.0,0,0,0
-116.0,-96.0,0,0,0
-84.0,-86.0,0,0,0
-56.0,-78.0,0,0,0
-24.0,-74.0,0,0,0
-2.0,-60.0,0,0,0
28.0,-52.0,0,0,0
42.0,-36.0,0,0,0
50.0,-24.0,0,0,0
58.0,-24.0,0,0,0
72.0,-4.0,0,0,0
58.0,0.0,0,0,0
58.0,-6.0,0,0,0
52.0,0.0,0,0,0
62.0,2.0,0,0,0
52.0,0.0,0,0,0
30.0,-6.0,0,0,0
52.0,-2.0,0,0,0
50.0,-6.0,0,0,0
52.0,-4.0,0,0,0
50.0,6.0,0,0,0
56.0,-4.0,0,0,0
52.0,-10.0,0,0,0
54.0,-2.0,0,0,0
58.0,-12.0,0,0,0
56.0,-4.0,0,0,0
48.0,-4.0,0,0,0
44.0,-10.0,0,0,0
42.0,-14.0,0,0,0
56.0,-2.0,0,0,0
40.0,-10.0,0,0,0
40.0,-14.0,0,0,0
36.0,0.0,0,0,0
54.0,-8.0,0,0,0
42.0,-6.0,0,0,0
44.0,0.0,0,0,0
32.0,-8.0,0,0,0
40.0,-6.0,0,0,0
36.0,2.0,0,0,0
36.0,-14.0,0,0,0
46.0,-12.0,0,0,0
50.0,2.0,0,0,0
40.0,-14.0,0,0,0
42.0,-4.0,0,0,0
68.0,12.0,0,0,0
80.0,10.0,0,0,0
90.0,18.0,0,0,0
98.0,12.0,0,0,0
82.0,2.0,0,0,0
80.0,-10.0,0,0,0
76.0,-24.0,0,0,0
54.0,-22.0,0,0,0
66.0,-22.0,0,0,0
60.0,-24.0,0,0,0
48.0,-28.0,0,0,0
32.0,-24.0,0,0,0
50.0,-12.0,0,0,0
72.0,-26.0,0,0,0
42.0,-14.0,0,0,0
42.0,-22.0,0,0,0
52.0,-8.0,0,0,0
54.0,-22.0,0,0,0
62.0,-8.0,0,0,0
42.0,-22.0,0,0,0
72.0,-16.0,0,0,0
60.0,-6.0,0,0,0
48.0,-24.0,0,0,0
62.0,14.0,0,0,0
200.0,-122.0,0,0,0
318.0,-210.0,0,0,0
260.0,-83.0,1.4971793003052525,-1.6303058244996564,0
254.0,44.0,0.9862153556139186,-0.7094066115502582,0
126.0,28.0,-1.123571254724492,-0.2163267180025489,0
6.0,108.0,-1.222467502084105,0.3347625747860674,0
106.0,152.0,-0.16757419691489978,0.7843354189030964,0
140.0,230.0,0.030218297804326236,1.4369411603633002,0
90.0,308.0,0,0,0
112.0,278.0,0,0,0
80.0,150.0,0,0,0
40.0,22.0,0,0,0
-30.0,-16.0,0,0,0
-40.0,-12.0,0,0,0
-48.0,-20.0,0,0,0
-50.0,-26.0,0,0,0
-76.0,-22.0,0,0,0
-70.0,-22.0,0,0,0
-82.0,-32.0,0,0,0
-84.0,-26.0,0,0,0
-94.0,-34.0,0,0,0
-108.0,-38.0,0,0,0
-110.0,-30.0,0,0,0
-104.0,-38.0,0,0,0
-118.0,-44.0,0,0,0
-132.0,-46.0,0,0,0
-148.0,-44.0,0,0,0
-144.0,-58.0,0,0,0
-162.0,-54.0,0,0,0
-180.0,-66.0,0,0,0
-172.0,-70.0,0,0,0
-180.0,-82.0,0,0,0
-186.0,-88.0,0,0,0
-192.0,-100.0,0,0,0
-176.0,-100.0,0,0,0
-150.0,-108.0,0,0,0
-128.0,-108.0,0,0,0
-110.0,-104.0,0,0,0
-76.0,-102.0,0,0,0
-40.0,-100.0,0,0,0
-14.0,-82.0,0,0,0
18.0,-74.0,0,0,0
24.0,-68.0,0,0,0
46.0,-52.0,0,0,0
60.0,-40.0,0,0,0
76.0,-30.0,0,0,0
66.0,-22.0,0,0,0
76.0,-20.0,0,0,0
58.0,-22.0,0,0,0
68.0,-8.0,0,0,0
48.0,-18.0,0,0,0
58.0,-14.0,0,0,0
44.0,-10.0,0,0,0
42.0,-14.0,0,0,0
48.0,-12.0,0,0,0
60.0,-6.0,0,0,0
40.0,-10.0,0,0,0
40.0,-16.0,0,0,0
38.0,-2.0,0,0,0
38.0,-12.0,0,0,0
44.0,-10.0,0,0,0
26.0,-12.0,0,0,0
36.0,-10.0,0,0,0
26.0,-12.0,0,0,0
30.0,-6.0,0,0,0
16.0,-14.0,0,0,0
26.0,-16.0,0,0,0
16.0,-14.0,0,0,0
14.0,-14.0,0,0,0
-4.0,-16.0,0,0,0
2.0,-14.0,0,0,0
4.0,-16.0,0,0,0
0.0,-18.0,0,0,0
-8.0,-12.0,0,0,0
-4.0,-16.0,0,0,0
-4.0,-14.0,0,0,0
-4.0,-16.0,0,0,0
-14.0,-16.0,0,0,0
-2.0,-14.0,0,0,0
8.0,0.0,0,0,0
22.0,4.0,0,0,0
32.0,16.0,0,0,0
26.0,10.0,0,0,0
30.0,4.0,0,0,0
4.0,-14.0,0,0,0
0.0,-16.0,0,0,0
-14.0,-26.0,0,0,0
-24.0,-20.0,0,0,0
-26.0,-24.0,0,0,0
-38.0,-34.0,0,0,0
-48.0,-16.0,0,0,0
-32.0,-16.0,0,0,0
-28.0,-16.0,0,0,0
-44.0,-22.0,0,0,0
-40.0,-14.0,0,0,0
-38.0,-20.0,0,0,0
-26.0,-14.0,0,0,0
-46.0,-14.0,0,0,0
-30.0,-12.0,0,0,0
-36.0,-18.0,0,0,0
-28.0,-10.0,0,0,0
-38.0,-4.0,0,0,0
-22.0,14.0,0,0,0
147.0,-132.0,0,0,0
274.0,-244.0,0,0,0
150.0,-117.0,1.4971793003052525,-1.6303058244996564,0
158.0,10.0,0.9862153556139186,-0.7094066115502582,0
30.0,56.0,-1.123571254724492,-0.2163267180025489,0
-14.0,132.0,-1.222467502084105,0.3347625747860674,0
48.0,192.0,-0.16757419691489978,0.7843354189030964,0
62.0,286.0,0.030218297804326236,1.4369411603633002,0
56.0,346.0,0,0,0
18.0,276.0,0,0,0
14.0,148.0,0,0,0
-54.0,20.0,0,0,0
-80.0,0.0,0,0,0
-78.0,-6.0,0,0,0
-102.0,-12.0,0,0,0
-96.0,-16.0,0,0,0
-108.0,-20.0,0,0,0
-102.0,-20.0,0,0,0
-110.0,-24.0,0,0,0
-120.0,-22.0,0,0,0
-116.0,-22.0,0,0,0
-128.0,-24.0,0,0,0
-138.0,-24.0,0,0,0
-144.0,-32.0,0,0,0
-148.0,-28.0,0,0,0
-158.0,-40.0,0,0,0
-172.0,-44.0,0,0,0
-182.0,-46.0,0,0,0
-174.0,-48.0,0,0,0
-196.0,-62.0,0,0,0
-198.0,-62.0,0,0,0
-214.0,-72.0,0,0,0
-204.0,-80.0,0,0,0
-212.0,-86.0,0,0,0
-212.0,-90.0,0,0,0
-170.0,-96.0,0,0,0
-158.0,-100.0,0,0,0
-134.0,-96.0,0,0,0
-102.0,-98.0,0,0,0
-66.0,-84.0,0,0,0
-46.0,-78.0,0,0,0
-6.0,-62.0,0,0,0
6.0,-56.0,0,0,0
26.0,-38.0,0,0,0
44.0,-34.0,0,0,0
42.0,-14.0,0,0,0
44.0,-12.0,0,0,0
64.0,-12.0,0,0,0
44.0,-4.0,0,0,0
42.0,2.0,0,0,0
34.0,4.0,0,0,0
42.0,-2.0,0,0,0
32.0,12.0,0,0,0
30.0,-2.0,0,0,0
26.0,10.0,0,0,0
28.0,10.0,0,0,0
38.0,8.0,0,0,0
26.0,8.0,0,0,0
32.0,16.0,0,0,0
32.0,6.0,0,0,0
40.0,10.0,0,0,0
18.0,12.0,0,0,0
30.0,6.0,0,0,0
22.0,8.0,0,0,0
26.0,8.0,0,0,0
20.0,12.0,0,0,0
16.0,4.0,0,0,0
16.0,10.0,0,0,0
12.0,0.0,0,0,0
2.0,6.0,0,0,0
4.0,0.0,0,0,0
2.0,4.0,0,0,0
-2.0,0.0,0,0,0
2.0,10.0,0,0,0
-6.0,-6.0,0,0,0
0.0,0.0,0,0,0
-4.0,2.0,0,0,0
-6.0,-2.0,0,0,0
-12.0,-6.0,0,0,0
-8.0,6.0,0,0,0
-4.0,-8.0,0,0,0
-8.0,-8.0,0,0,0
-14.0,2.0,0,0,0
-2.0,-10.0,0,0,0
-8.0,10.0,0,0,0
-2.0,2.0,0,0,0
26.0,10.0,0,0,0
38.0,24.0,0,0,0
36.0,32.0,0,0,0
6.0,6.0,0,0,0
18.0,8.0,0,0,0
-4.0,-16.0,0,0,0
-2.0,-12.0,0,0,0
-28.0,-10.0,0,0,0
-22.0,-16.0,0,0,0
-22.0,-22.0,0,0,0
-34.0,-10.0,0,0,0
-26.0,-2.0,0,0,0
-20.0,-10.0,0,0,0
-26.0,-6.0,0,0,0
-24.0,-8.0,0,0,0
-18.0,0.0,0,0,0
-20.0,-10.0,0,0,0
-16.0,0.0,0,0,0
-20.0,-12.0,0,0,0
-28.0,-2.0,0,0,0
-22.0,-4.0,0,0,0
-20.0,6.0,0,0,0
0.0,32.0,0,0,0
4.0,-8.0,0,0,0
116.0,-136.0,0,0,0
243.0,-228.0,0,0,0
124.0,-101.0,0,0,0
212.0,26.0,0,0,0
84.0,40.0,0,0,0
-44.0,132.0,0,0,0
12.0,190.0,0,0,0
22.0,264.0,0,0,1
-14.0,340.0,0,0,1
-6.0,296.0,0,0,1
32.0,168.0,0,0,1
-68.0,40.0,0,0,1
-116.0,-6.0,0,0,1
-116.0,-14.0,0,0,1
-116.0,-16.0,0,0,1
-120.0,-16.0,0,0,1
-134.0,-18.0,0,0,1
-146.0,-22.0,0,0,1
-134.0,-20.0,0,0,1
-134.0,-16.0,0,0,1
-150.0,-26.0,0,0,1
-150.0,-28.0,0,0,1
-158.0,-28.0,0,0,1
-174.0,-36.0,0,0,1
-166.0,-36.0,0,0,1
-186.0,-38.0,0,0,1
-188.0,-52.0,0,0,1
-186.0,-58.0,0,0,1
-174.0,-54.0,0,0,1
-184.0,-68.0,0,0,1
-154.0,-72.0,0,0,1
-148.0,-74.0,0,0,1
-136.0,-84.0,0,0,1
-92.0,-82.0,0,0,1
-74.0,-70.0,0,0,1
-54.0,-70.0,0,0,1
-34.0,-68.0,0,0,1
-16.0,-56.0,0,0,1
16.0,-40.0,0,0,1
12.0,-30.0,0,0,1
20.0,-22.0,0,0,1
24.0,-22.0,0,0,1
44.0,-6.0,0,0,1
28.0,4.0,0,0,1
24.0,2.0,0,0,1
22.0,6.0,0,0,1
24.0,14.0,0,0,1
16.0,8.0,0,0,1
18.0,8.0,0,0,1
12.0,10.0,0,0,1
18.0,12.0,0,0,1
12.0,8.0,0,0,1
24.0,14.0,0,0,1
12.0,10.0,0,0,1
12.0,8.0,0,0,1
16.0,14.0,0,0,1
6.0,8.0,0,0,1
6.0,10.0,0,0,1
10.0,10.0,0,0,1
4.0,4.0,0,0,1
-4.0,2.0,0,0,1
0.0,10.0,0,0,1
10.0,8.0,0,0,1
-4.0,6.0,0,0,1
-8.0,4.0,0,0,1
8.0,0.0,0,0,1
-2.0,4.0,0,0,1
-12.0,16.0,0,0,1
-6.0,6.0,0,0,1
-12.0,-2.0,0,0,1
-4.0,8.0,0,0,1
-14.0,0.0,0,0,1
-10.0,-2.0,0,0,1
-8.0,6.0,0,0,1
-10.0,0.0,0,0,1
-2.0,0.0,0,0,1
-8.0,0.0,0,0,1
-14.0,2.0,0,0,1
8.0,0.0,0,0,1
-18.0,2.0,0,0,1
-2.0,4.0,0,0,1
8.0,4.0,0,0,1
-18.0,4.0,0,0,1
6.0,-2.0,0,0,1
-6.0,2.0,0,0,1
10.0,2.0,0,0,1
22.0,4.0,0,0,1
4.0,0.0,0,0,1
0.0,0.0,0,0,1
8.0,2.0,0,0,1
32.0,16.0,0,0,1
46.0,24.0,0,0,1
48.0,30.0,0,0,1
62.0,28.0,0,0,1
58.0,26.0,0,0,1
56.0,8.0,0,0,1
34.0,-10.0,0,0,1
22.0,-6.0,0,0,1
18.0,-6.0,0,0,1
16.0,-4.0,0,0,1
-6.0,-12.0,0,0,1
0.0,-16.0,0,0,1
4.0,2.0,0,0,1
6.0,-2.0,0,0,1
2.0,0.0,0,0,1
0.0,0.0,0,0,1
20.0,6.0,0,0,1
8.0,-6.0,0,0,1
