BonoCPUUsage,BonoLatencyVariance,RegisterRT
5.8212,4.368,1
5.83845,8.9025,1
5.8557,13.437,1
5.85769999999999,13.437,1
5.87739999999999,13.437,1
5.8942,13.437,1
5.9288,15.275,1
5.9466,15.275,1
6.0128,15.275,1
5.9674,15.275,1
6.0326,15.275,1
6.1324,4.056,1
6.28360000000001,4.056,1
6.3633,4.056,1
6.398,4.056,1
6.3823,4.056,1
6.334,125.574,1
6.4294,125.574,1
6.4765,125.574,1
6.59059999999999,125.574,1
6.59399999999999,125.574,1
6.61069999999999,6.407,1
6.5951,6.407,1
6.57940000000001,6.407,1
6.66,6.407,1
6.6611,6.407,1
6.6767,9.926,1
6.66,9.926,1
6.75830000000001,9.926,1
6.74379999999999,9.926,1
6.7444,8.6725,1
6.745,7.419,1
6.6454,7.419,1
6.6622,7.419,1
6.6152,7.419,1
6.50530000000001,7.419,1
6.5031,5,1
6.5692,5,1
6.5882,5,1
6.63639999999999,5,1
6.5882,5,1
6.58710000000001,67.773,1
6.63640000000001,67.773,1
6.6857,67.773,1
6.7216,67.773,1
6.7059,67.773,1
6.7418,5.779,1
6.6913,5.779,1
6.6913,5.779,1
6.679,5.779,1
6.74290000000001,5.779,1
6.6947,12.178,1
6.7654,12.178,1
6.69355,12.178,1
6.6217,12.178,1
6.624,12.178,1
6.6846,8.431,1
6.6712,8.431,1
6.67230000000001,8.431,1
6.67175,8.431,1
6.6712,8.431,1
6.69029999999999,9.007,1
6.6566,9.007,1
6.6891,9.007,1
6.6375,9.007,1
6.65939999999999,8.244,1
6.68129999999999,7.481,1
6.64870000000001,7.481,1
6.60039999999999,7.481,1
6.69580000000001,7.481,1
6.61499999999999,7.481,1
6.5668,8.932,1
6.53365,8.932,1
6.5005,8.932,1
6.551,8.932,1
6.6173,8.932,1
6.66549999999999,4.922,1
6.6015,4.922,1
6.5847,4.922,1
6.56789999999999,4.922,1
6.6644,4.922,1
6.6801,67.947,1
6.8147,67.947,1
6.7968,67.947,1
6.66889999999999,67.947,1
6.66105,67.947,1
6.6532,67.947,1
6.6678,11.309,1
6.5712,11.309,1
6.65430000000001,11.309,1
6.6217,11.309,1
6.5903,8.079,1
6.60599999999999,8.079,1
6.5712,8.079,1
6.60039999999999,8.079,1
6.6801,8.079,1
6.6846,4.945,1
6.66330000000001,4.945,1
6.6117,4.945,1
6.596,4.945,1
6.5488,4.945,1
6.5488,4.945,1
6.3995,3.591,1
6.44670000000001,3.591,1
6.3805,3.591,1
6.39619999999999,3.591,1
6.4592,7.306,1
10.5175,6.454,1
10.5997,6.454,1
10.7449,6.454,1
10.859,3.969,1
11.0103,3.969,1
11.0588,3.969,1
11.0326,3.969,1
11.1036,3.969,1
11.2195,3.406,1
11.283,3.406,1
11.2998,3.406,1
11.3166,3.406,1
11.3522,3.406,1
11.2702,8.048,1
11.3376,8.048,1
11.246,8.048,1
11.3881,8.048,1
11.5469,8.048,1
11.5449,8.829,1
11.5676,8.829,1
11.5864,8.829,1
11.7211,8.829,1
11.8033,8.829,1
11.835,5.511,1
11.7697,5.511,1
11.7885,5.511,1
11.8519,5.511,1
11.8593,5.511,1
11.8667,5.511,1
11.934,8.252,1
11.9549,8.252,1
11.936,8.252,1
11.9906,8.252,1
12.0094,7.109,1
12.0263,7.109,1
12.0094,7.109,1
12.0391,7.109,1
12.0539,7.109,1
12.033,6.586,1
12.0983,6.586,1
12.0707,6.586,1
12.1697,6.586,1
12.0916,6.586,1
12.08955,6.3965,1
12.0875,6.207,1
12.2411,6.207,1
12.4032,6.207,1
12.4369,6.207,1
12.4811,23.46,1
12.479,23.46,1
12.5084,23.46,1
12.5357,23.46,1
12.5567,23.46,1
12.5693,29.219,1
12.5525,29.219,1
12.5525,29.219,1
12.4159,29.219,1
12.3991,29.219,1
12.4474,34.924,1
12.3675,34.924,1
12.3675,34.924,1
12.3864,34.924,1
12.3654,34.924,1
12.3043,34.778,1
12.2559,34.778,1
12.3023,34.778,1
12.3507,34.778,1
12.2896,34.778,1
12.3675,35.032,1
12.4432,35.032,1
12.542,35.032,1
12.6891,35.032,1
12.6763,35.032,1
12.6448,60.398,1
12.8902,60.398,1
12.8778,60.398,1
12.8412,60.398,1
12.8046,60.398,1
12.7584,38.125,1
12.7123,38.125,1
12.6955,38.125,1
12.708,38.125,1
12.5967,38.125,1
12.561,33.67,1
12.5021,33.67,1
12.5799,33.67,1
12.5147,33.67,1
12.5652,33.67,1
12.5042,9.86,1
12.5252,9.86,1
12.5714,9.86,1
12.6176,9.86,1
12.6176,9.86,1
12.6197,5.997,1
12.668,5.997,1
12.6302,5.997,1
12.5651,5.997,1
12.6931,5.997,1
12.8334,8.779,2
12.84285,8.779,1
12.8523,8.779,1
12.8502,8.779,1
12.8356,8.779,1
12.8691,5.451,1
12.8686,5.451,1
12.8351,5.451,1
12.8184,5.451,1
12.8184,5.451,1
12.8184,5.451,1
12.787,8.178,1
12.7242,8.178,1
12.7221,8.178,1
12.6782,8.178,1
12.6803,6.317,1
12.7264,6.317,1
12.8102,6.317,1
12.8059,6.317,1
12.8583,6.317,1
12.8353,6.7235,1
12.8123,13.júl,1
12.827,13.júl,1
12.7724,13.júl,1
12.8248,13.júl,1
12.8562,4.47,1
12.7642,4.47,1
12.7642,4.47,1
12.8583,4.47,1
12.8773,4.47,1
12.756,6.465,1
12.7141,6.465,1
12.6491,6.465,1
12.5399,6.465,1
12.5652,6.465,1
12.561,6.714,1
12.4601,6.714,1
12.3592,6.714,1
12.2624,6.714,1
12.3046,6.714,1
12.3886,6.417,1
12.4475,6.417,1
12.4097,6.417,1
12.5042,6.417,1
12.5042,6.417,1
12.6971,8.046,1
12.6425,8.046,1
12.6803,8.046,1
12.808,8.046,1
12.833,8.046,1
12.8746,5.706,1
12.8497,5.706,1
12.7389,5.706,1
12.7367,5.706,1
12.8184,5.706,1
12.8141,5.706,1
12.8098,8.412,1
12.8098,8.412,1
12.7849,8.412,1
12.9437,8.412,1
12.7513,20.433,1
12.7264,20.433,1
12.6489,20.433,1
12.7117,20.433,1
12.7578,20.433,1
12.6824,5.907,1
12.6363,5.907,1
12.607,5.907,1
12.6217,5.907,1
12.6888,5.907,1
12.7245,19.092,1
12.6344,19.092,1
12.6376,19.092,1
16.9758,69.605,1
17.0477,69.605,1
17.1665,69.605,1
17.2111,69.605,1
17.2774,69.605,1
17.4072,74.896,1
17.5037,74.896,1
17.7133,74.896,1
17.763,74.896,1
17.8536,74.896,1
17.7767,71.612,1
17.8275,71.612,1
17.9347,71.612,1
17.93915,71.612,1
17.9436,71.612,1
18.0385,46.602,1
18.1245,46.602,1
18.1229,46.602,1
18.304,46.602,1
18.3056,46.602,1
18.5683,196.232,1
18.5683,196.232,1
18.617,196.232,1
18.5961,196.232,1
18.6731,196.232,1
18.646,47.443,1
18.5888,47.443,1
18.5919,47.443,1
18.6023,47.443,1
18.6658,47.443,1
18.7354,49.22,1
18.7687,50.997,1
18.8798,50.997,1
18.8798,50.997,1
18.8965,50.997,1
18.8529,48.54,1
18.8155,48.54,1
18.8488,48.54,1
18.8541,48.54,1
18.878,48.54,1
18.8092,69.201,1
18.8186,69.201,1
18.802,69.201,1
18.7167,69.201,1
18.7406,69.201,1
18.6593,30.801,1
18.5915,30.801,1
18.5581,30.801,1
18.56955,30.801,1
18.581,30.801,1
18.5389,44.602,1
18.4206,44.602,1
18.3523,44.602,1
18.2032,44.602,1
18.418,44.602,1
18.4577,74.148,1
18.4471,74.148,1
18.3619,74.148,1
18.2261,74.148,1
18.2429,74.148,2
18.2231,62.779,1
18.1925,62.779,1
18.2201,62.779,1
18.2675,62.779,1
18.2728,62.779,1
18.2781,62.779,1
18.1696,43.491,1
18.0212,43.491,1
17.9859,43.491,1
17.972,43.491,1
17.9474,80.896,1
17.8078,80.896,1
17.7126,80.896,1
17.6848,80.896,1
17.6788,80.896,1
17.6451,43.919,1
17.6173,43.919,1
17.5835,43.919,1
17.5865,43.919,1
17.6401,43.919,1
17.4911,60.93,1
17.4911,77.941,1
17.4713,77.941,1
17.3986,77.941,2
17.4265,77.941,1
17.5477,64.609,1
17.5646,64.609,1
17.5536,64.609,1
17.5287,64.609,1
17.4839,64.609,1
17.5854,66.801,1
17.5913,66.801,1
17.5275,66.801,1
17.4377,66.801,1
17.4517,66.801,1
17.4149,52.738,1
17.4996,52.738,1
17.5165,52.738,1
17.5165,52.738,1
17.409,52.738,1
17.3449,34.643,1
17.2712,34.643,1
17.2969,34.643,1
17.311,34.643,1
17.353,34.643,1
17.4149,66.921,1
17.395,66.921,1
17.3839,66.921,1
17.336,66.921,1
17.5055,66.921,2
17.4149,83.277,1
17.4657,83.277,1
17.5127,83.277,1
17.6311,83.277,1
17.4797,83.277,1
17.5246,78.8915,1
17.5246,74.506,1
17.5614,74.506,1
17.6062,74.506,1
17.4945,74.506,1
17.5673,88.667,1
17.6829,88.667,1
17.6431,88.667,1
17.7267,88.667,1
17.7466,88.667,2
17.8101,55.747,1
17.8312,55.747,1
17.8728,55.747,1
17.8946,55.747,1
17.8867,55.747,1
17.833,80.375,1
17.8638,80.375,2
17.9453,80.375,1
17.9453,80.375,2
17.9453,80.375,1
18.0375,60.471,1
17.9868,60.471,1
18.0344,60.471,1
18.0574,60.471,1
18.0729,60.471,1
17.9241,56.59,1
17.9084,56.59,1
17.9561,56.59,1
17.9392,56.59,1
17.9652,56.59,1
17.8698,55.878,1
17.8469,55.878,1
21.2652,85.346,1
21.283,85.346,1
21.3964,85.346,1
21.4775,85.346,1
21.7711,85.346,1
21.8452,56.449,1
21.875,56.449,1
21.9048,56.449,1
21.9272,56.449,1
22.1165,56.449,1
22.3001,196.936,1
22.5138,196.936,1
22.5013,196.936,1
22.5644,196.936,1
22.6017,196.936,2
22.728,68.989,1
22.8437,68.989,1
23.0512,68.989,1
23.0486,68.989,2
23.1568,68.989,1
23.0795,104.415,1
23.1157,104.415,1
23.14535,104.415,1
23.175,104.415,1
23.2757,104.415,1
23.3507,73.224,1
23.4346,73.224,1
23.3882,73.224,1
23.4504,73.224,1
23.4889,73.224,1
23.5551,87.156,1
23.5166,87.156,1
23.567,87.156,1
23.6055,87.156,2
23.6687,87.156,1
23.7151,143.756,1
23.7408,143.756,1
23.8119,143.756,1
23.8207,143.756,2
23.86905,143.756,1
23.9174,143.756,1
23.9054,87.88,1
23.9302,87.88,1
23.9772,87.88,1
24.0141,87.88,1
24.0846,139.826,2
24.0007,139.826,1
23.9839,139.826,2
24.0054,139.826,2
23.9328,139.826,1
23.9839,65.309,1
24.0511,65.309,1
23.9711,65.309,1
23.924,65.309,1
23.9079,65.309,1
23.9328,87.447,1
23.9328,109.585,1
23.8655,109.585,1
23.755,109.585,1
23.7983,109.585,2
23.7134,97.256,1
23.6966,97.256,1
23.7687,97.256,1
23.7863,97.256,1
23.7823,97.256,1
23.8751,87.767,1
23.9886,87.767,1
24.0719,87.767,1
23.9032,87.767,1
23.7759,87.767,1
23.7262,71.964,1
23.7479,71.964,1
23.9087,71.964,1
23.9087,71.964,1
23.9167,71.964,1
23.8951,65.941,1
23.9408,65.941,1
23.959,65.941,1
23.7695,65.941,1
23.7479,65.941,1
23.8831,66.617,2
23.9422,66.617,1
23.9503,66.617,1
23.9422,66.617,1
23.8798,66.617,1
23.9094,66.932,1
23.994,66.932,1
23.9933,66.932,1
24.0104,66.932,1
24.0275,66.932,1
24.1033,78.488,1
24.0523,78.488,1
24.0315,78.488,1
23.8495,78.488,1
23.7439,78.488,1
23.7391,57.834,1
23.7719,57.834,1
23.7542,57.834,1
23.67,57.834,1
23.6305,57.834,1
23.779,79.294,1
23.7157,79.294,1
23.7558,79.294,1
23.7959,79.294,1
23.9024,79.294,1
23.8776,92.451,1
23.8688,92.451,1
23.9456,92.451,1
24.1229,92.451,1
24.308,92.451,1
24.2699,87.159,1
24.2821,87.159,1
24.2526,87.159,1
24.2948,87.159,1
24.4456,87.159,1
24.2771,67.322,1
24.34475,67.322,1
24.4124,67.322,2
24.4925,67.322,1
24.4332,67.322,1
24.5134,63.601,1
24.5891,63.601,1
24.5552,63.601,1
24.5761,63.601,1
24.4881,63.601,1
24.4758,59.702,1
24.4672,59.702,1
24.3493,59.702,1
24.4586,59.702,2
24.547,59.702,1
24.5429,84.366,2
24.5175,84.366,1
24.5346,84.366,1
24.51355,84.366,1
24.4925,84.366,2
24.5602,121.52,1
24.4262,121.52,1
24.4213,121.52,2
24.4761,121.52,1
24.5308,121.52,1
24.4597,52.239,2
24.5059,52.239,1
24.5646,52.239,1
24.485,52.239,1
24.5394,52.239,1
24.6187,133.408,1
24.5643,133.408,1
24.5643,133.408,1
24.6523,133.408,1
24.6251,133.408,2
24.5979,133.408,1
24.6107,78.543,1
24.6357,78.543,1
24.5643,78.543,1
24.6903,78.543,1
24.8118,64.557,1
24.8411,64.557,1
24.8162,64.557,1
24.8581,64.557,1
24.8458,64.557,2
24.7705,81.687,1
24.8831,81.687,1
24.7493,81.687,1
24.6781,81.687,1
24.6069,81.687,1
24.5106,69.37,1
24.4772,69.37,1
24.4686,69.37,1
24.4307,69.37,2
24.1402,69.37,1
24.1697,66.352,1
24.1784,66.352,1
24.2206,66.352,1
24.2495,66.352,1
24.0268,66.352,1
24.2495,67.692,1
24.1814,67.692,1
24.1935,67.692,1
24.1709,67.692,1
24.1483,67.692,1
24.19,80.118,1
24.1229,80.118,2
24.1478,80.118,2
24.0175,80.118,1
23.9664,80.118,2
24.1165,79.139,1
24.041,79.139,1
24.0283,79.139,1
23.9738,79.139,1
23.9738,79.139,2
23.9738,111.795,1
23.9697,111.795,1
23.7237,111.795,1
25.5763,72.277,1
25.7527,72.277,2
26.038,72.277,1
26.2053,72.277,1
26.3697,92.921,1
26.5714,92.921,1
26.5467,92.921,1
26.6768,92.921,1
26.6387,92.921,2
26.744,123.654,1
26.9567,123.654,1
27.0484,123.654,2
27.0858,123.654,2
27.1232,123.654,1
27.2026,106.806,2
27.2438,106.806,2
27.352,106.806,2
27.4405,106.806,1
27.625,106.806,2
27.6389,67.215,1
27.7973,67.215,2
27.8207,67.215,1
27.8777,67.215,1
28.1297,89.472,1
28.13705,111.729,2
28.1444,133.986,1
28.2305,133.986,1
28.3361,133.986,1
28.4513,133.986,1
28.4439,85.503,1
28.4558,85.503,2
28.4678,85.503,1
28.4678,85.503,1
28.5835,85.503,1
28.7135,95.721,1
28.8293,95.721,1
28.8387,95.721,1
28.8893,95.721,1
28.9084,95.721,1
28.9181,71.387,1
28.8556,71.387,1
28.8556,71.387,2
29.0165,71.387,1
28.9926,71.387,1
29.0165,160.006,1
29.0649,160.006,1
29.2712,160.006,1
28.9877,160.006,2
28.9926,160.006,2
28.9975,285.661,2
28.9061,285.661,1
29.0214,285.661,1
29.1056,285.661,2
29.01915,285.661,1
28.9327,285.661,2
28.8968,92.853,1
28.8221,92.853,2
28.926,92.853,2
29.1646,92.853,2
29.2629,120.657,2
29.265,120.657,1
29.2004,120.657,2
29.1596,120.657,2
29.1526,120.657,1
29.0682,145.142,1
29.1477,145.142,1
29.1646,145.142,1
29.1674,145.142,1
29.2716,145.142,1
29.2716,145.142,2
29.4356,99.548,1
29.4098,99.548,1
29.5112,99.548,1
29.5013,99.548,1
29.552,108.443,2
29.5143,108.443,2
29.5212,108.443,2
29.4993,108.443,1
29.362,108.443,2
29.4078,85.568,1
29.3203,85.568,1
29.1991,85.568,1
29.2089,85.568,1
29.1512,85.568,1
29.2047,125.077,2
29.142,125.077,1
29.142,125.077,1
29.1998,125.077,1
29.149,125.077,1
29.2576,103.64,2
29.1392,103.64,2
29.2061,103.64,2
29.3165,103.64,1
29.2103,103.64,1
29.2152,77.472,2
29.2103,77.472,2
29.1554,77.472,1
29.218,77.472,1
29.4038,77.472,2
29.5121,118.268,1
29.6709,118.268,1
29.6828,118.268,1
29.8583,118.268,2
29.8583,118.268,2
29.7653,153.328,2
29.7097,153.328,2
29.4963,153.328,2
29.7097,153.328,1
29.6946,153.328,2
29.664,102.419,1
29.6978,102.419,1
29.7147,102.419,1
29.547,102.419,1
29.6584,102.419,1
29.5839,112.777,2
29.7041,112.777,2
29.5889,112.777,2
29.4078,112.777,2
29.45855,112.777,1
29.5093,112.777,2
29.4655,110.747,1
29.4605,110.747,1
29.4267,110.747,2
29.4386,110.747,1
29.4675,91.425,2
29.5927,91.425,2
29.5589,91.425,2
29.5808,91.425,2
29.7516,91.425,2
29.7316,145.556,1
29.6391,145.556,1
29.5466,145.556,1
29.3572,145.556,2
29.382,145.556,2
29.3869,85.178,2
29.3354,85.178,2
29.2518,85.178,1
29.2251,85.178,1
29.2152,85.178,1
29.2613,90.795,1
29.3074,96.412,1
29.2497,96.412,1
29.4475,96.412,1
29.3969,96.412,1
29.382,96.809,1
29.3313,96.809,1
29.2328,96.809,2
29.2308,96.809,1
29.2139,97.15,2
29.197,97.491,1
29.2089,97.491,1
29.2019,97.491,2
29.1899,97.491,1
29.2357,97.491,1
29.2258,115.91,2
29.3124,115.91,2
29.3432,115.91,1
29.3919,115.91,1
29.3392,115.91,2
29.2547,370.925,2
29.2864,370.925,1
29.2914,370.925,2
29.1321,370.925,1
29.16455,370.925,1
29.197,370.925,1
29.2019,120.214,2
29.2955,120.214,1
29.2237,120.214,1
29.1998,120.214,1
29.2477,121.528,1
29.204,121.528,1
29.1385,121.528,1
29.2082,121.528,1
29.0992,121.528,1
29.2025,115.363,1
29.2601,115.363,2
29.1182,115.363,1
29.1877,115.363,1
29.0263,115.363,1
29.0888,104.787,1
29.1175,104.787,2
29.1779,104.787,2
29.1586,104.787,1
29.1393,104.787,1
29.1225,94.288,1
29.1758,94.288,1
29.1927,94.288,1
29.2214,94.288,2
29.0725,94.288,1
29.0121,100.477,1
29.0627,100.477,1
29.1519,100.477,1
29.1947,100.477,1
29.3385,100.477,2
29.3959,89.879,1
29.4147,89.879,1
29.3643,89.879,1
29.4671,89.879,2
29.7261,89.879,1
29.69995,182.3075,2
29.6738,274.736,1
30.195,98.344,2
30.3229,98.344,2
30.6709,98.344,2
30.91,98.344,1
31.1756,317.5835,2
31.1756,536.823,1
31.3035,536.823,1
31.4094,536.823,2
31.6107,536.823,2
31.7282,175.652,2
31.8281,175.652,1
32.0087,175.652,1
32.2153,175.652,2
32.2992,175.652,2
32.4506,258.097,1
32.4841,258.097,1
32.7635,258.097,2
32.9873,258.097,2
33.0429,258.097,2
33.2216,267.431,2
33.2272,267.431,1
33.2551,267.431,2
33.3222,267.431,1
33.406,267.431,2
33.406,267.431,2
33.5515,241.238,2
33.7137,241.238,2
33.9654,241.238,2
34.1386,241.238,2
34.1951,126.729,2
34.2785,126.729,2
34.4191,126.729,2
34.6044,126.729,2
34.7271,126.729,2
34.711,126.29,2
34.638,126.29,2
34.8665,126.29,1
34.9614,126.29,1
34.9832,126.29,1
34.9883,145.024,2
35.1066,145.024,2
34.9849,145.024,2
34.98235,145.024,1
34.9798,145.024,2
34.9681,2763.193,1
34.8689,2763.193,2
35.047,2763.193,1
35.0748,2763.193,2
35.0538,2763.193,2
35.1923,153.751,2
35.136,153.751,1
35.1292,153.751,2
35.0697,153.751,1
35.1033,153.751,2
35.1547,127.741,2
35.221,127.741,2
35.211,127.741,2
35.1833,127.741,1
35.3673,127.741,2
35.2911,161.185,2
35.3025,161.185,2
35.3139,161.185,2
35.1447,161.185,2
35.0573,161.185,2
35.0809,150.491,2
35.0202,150.491,2
34.9755,150.491,2
35.0877,150.491,1
34.9865,150.491,1
35.0422,104.234,1
35.0868,104.234,2
35.178,104.234,2
35.2136,104.234,1
35.2524,104.234,2
35.2246,321.153,2
35.17185,321.153,1
35.1191,321.153,2
35.1461,321.153,1
35.314,321.153,2
35.163,210.11,1
35.1968,210.11,1
35.3259,210.11,2
35.3378,210.11,1
35.1977,210.11,1
35.3597,180.582,2
35.3259,180.582,2
35.2474,180.582,2
35.2743,180.582,1
35.158,180.582,2
35.1402,159.9,2
35.06715,159.9,1
34.9941,159.9,2
34.8032,159.9,1
34.8208,159.9,1
34.8759,168.298,1
35.0836,168.298,2
35.043,168.298,1
35.0211,168.298,2
35.1164,168.298,1
35.0853,126.685,2
34.9045,126.685,2
35.1182,126.685,1
35.0616,126.685,2
35.1064,126.685,2
35.0693,391.184,2
35.2931,391.184,2
35.3597,391.184,1
35.3597,391.184,2
35.2633,391.184,1
35.2584,133.729,1
35.4272,133.729,2
35.4234,133.729,2
35.5961,133.729,2
35.5732,133.729,2
35.5432,223.085,2
35.5541,223.085,2
35.7155,223.085,2
35.7432,223.085,2
35.6553,223.085,2
35.6649,195.198,2
35.6601,195.198,1
35.7985,195.198,1
35.7155,195.198,2
35.7155,195.198,2
35.7769,114.883,2
35.8118,114.883,1
35.8611,114.883,2
35.836,114.883,1
35.83,114.883,2
35.6938,118.19,1
35.742,118.19,1
35.5769,118.19,2
35.5024,118.19,1
35.5758,118.19,2
35.6361,158.391,2
35.5447,158.391,1
35.7347,158.391,1
35.6686,158.391,2
35.6295,158.391,1
35.5904,158.391,2
35.5807,128.111,1
35.3675,128.111,2
35.5301,128.111,1
35.4746,128.111,2
35.424,150.143,2
35.3615,150.143,1
35.3278,150.143,1
35.2277,150.143,1
35.2723,150.143,2
35.2941,297.861,2
35.4991,297.861,1
35.5398,297.861,2
35.4676,297.861,1
35.46025,297.861,2
35.4529,297.861,2
35.2792,167.545,2
35.2474,167.545,2
35.3428,167.545,2
35.2802,167.545,1
35.417,141.097,1
35.4757,141.097,2
35.4877,141.097,2
35.4648,141.097,2
35.4082,141.097,2
35.5083,182.138,2
35.4132,182.138,2
35.4915,182.138,1
35.4926,182.138,2
35.5878,182.138,2
35.4708,134.472,1
35.4564,134.472,2
35.442,134.472,2
35.4757,134.472,2
35.4926,134.472,2
35.4262,244.537,2
35.4251,244.537,2
35.2077,244.537,1
35.2633,244.537,2
35.3696,244.537,2
35.3636,143.35,2
35.4768,143.35,2
35.3428,143.35,1
35.3249,143.35,2
35.3914,143.35,1
35.4191,113.24,2
35.38835,113.24,2
35.3576,113.24,1
35.2217,113.24,2
35.1721,113.24,1
35.3576,120.553,2
35.2991,120.553,1
35.3685,120.553,1
35.3755,120.553,1
35.3397,120.553,2
35.313,153.049,1
35.443,185.545,2
35.3249,185.545,2
35.2862,185.545,2
35.3794,185.545,2
35.2693,180.215,2
35.2614,180.215,1
35.429,180.215,1
35.4724,156.469,2
35.6139,156.469,2
35.6744,156.469,2
35.9431,156.469,2
36.1742,182.486,2
36.282,182.486,1
36.3436,182.486,2
36.4668,182.486,2
36.6531,182.486,2
36.8394,168.529,2
37.1066,168.529,2
37.3541,168.529,2
37.4069,168.529,1
37.5507,168.529,2
37.7601,304.902,2
37.7898,304.902,2
37.8195,304.902,2
37.9526,304.902,2
38.2522,304.902,2
38.5734,193.871,2
38.7124,193.871,2
38.7565,193.871,2
38.8486,193.871,2
39.0269,193.871,2
39.0673,170.436,2
39.2803,170.436,2
39.5538,170.436,2
39.6182,170.436,2
39.638,170.436,2
39.7971,274.206,1
39.8342,274.206,2
39.85795,274.206,2
39.8817,274.206,2
40.0406,274.206,2
40.0304,213.032,2
40.0845,213.032,2
40.1759,213.032,2
40.0643,213.032,2
40.0913,213.032,2
40.0575,161.616,2
40.1792,161.616,1
40.2839,161.616,2
40.3449,161.616,2
40.4126,161.616,2
40.3687,184.29,2
40.3856,184.29,2
40.3177,184.29,2
40.3417,184.29,2
40.3417,184.29,2
40.3147,147.845,2
40.3853,147.845,1
40.3482,147.845,2
40.3482,147.845,2
40.3209,147.845,1
40.3141,167.618,2
40.358,167.618,2
40.3719,167.618,1
40.5785,167.618,2
40.7126,167.618,2
40.7733,328.406,2
40.8315,328.406,2
40.8822,328.406,2
40.8822,328.406,2
41.0096,328.406,2
40.9819,139.488,2
40.9927,139.488,2
41.0265,139.488,2
41.0243,139.488,2
40.9467,139.488,2
40.9467,139.488,2
40.9797,328.15,2
40.8322,328.15,2
40.883,328.15,2
40.9276,328.15,2
40.8291,182.38,2
40.9575,182.38,2
40.7884,182.38,2
40.6737,182.38,2
40.7445,182.38,2
40.7746,190.246,2
40.7915,190.246,2
40.9268,190.246,1
40.9975,190.246,2
41.0404,190.246,2
41.1725,263.676,2
41.2157,263.676,2
41.2589,263.676,2
41.1199,263.676,2
41.3322,263.676,2
41.2538,459.914,2
41.3142,459.914,2
41.4363,459.914,2
41.3392,459.914,2
41.4124,459.914,2
41.3153,162.999,2
41.2787,162.999,1
41.3851,162.999,2
41.3682,162.999,2
41.3572,162.999,2
41.4235,431.498,2
41.37,431.498,2
41.3421,431.498,2
41.352,431.498,2
41.3921,431.498,2
41.4322,431.498,2
41.5094,135.96,2
41.5768,135.96,2
41.5992,135.96,2
41.6386,135.96,2
41.6919,186.354,2
41.595,186.354,2
41.7845,186.354,2
41.8589,186.354,2
41.911,186.354,1
41.967,193.368,2
42.0424,193.368,2
41.7956,193.368,2
41.7592,193.368,2
41.8167,193.368,2
41.734,181.638,2
41.72975,181.638,2
41.7255,181.638,2
41.8628,181.638,2
41.8558,181.638,2
41.7787,165.318,2
41.7885,165.318,2
41.7928,165.318,2
41.9382,165.318,1
41.9745,165.318,2
41.839,235.332,2
41.8683,235.332,2
41.8417,235.332,2
41.8292,235.332,2
41.864,235.332,2
41.8612,184.963,2
41.8304,184.963,2
41.8905,184.963,1
41.9506,184.963,2
41.9913,184.963,2
41.8585,163.393,2
41.8026,163.393,2
41.7983,163.393,2
41.7368,163.393,2
41.6484,163.393,2
41.5024,267.977,2
41.3718,267.977,2
41.3659,267.977,2
41.2171,267.977,2
41.3311,267.977,2
41.2142,181.497,2
41.1834,181.497,2
41.2776,181.497,1
41.2776,181.497,2
41.345,181.497,2
41.2519,206.191,2
41.3054,206.191,2
41.2805,206.191,2
41.4101,206.191,2
41.7353,206.191,2
41.6513,341.176,2
41.5291,341.176,2
41.5965,341.176,2
41.6933,341.176,2
41.7031,341.176,2
41.7747,164.609,2
41.6568,164.609,2
41.6933,164.609,2
41.75925,164.609,2
41.8252,164.609,2
41.8056,547.372,2
41.7621,547.372,2
41.8812,547.372,2
41.828,547.372,2
41.7943,547.372,2
41.546,167.129,2
41.5123,167.129,2
41.5431,167.129,2
41.567,167.129,2
41.4531,167.129,2
41.3944,185.524,2
41.5361,185.524,2
41.3747,185.524,2
41.4084,185.524,2
41.4897,185.524,2
41.4897,185.524,2
41.3997,252.884,2
41.4461,252.884,2
41.5685,252.884,2
41.3172,252.884,2
41.3915,163.91,2
41.5291,163.91,2
41.4646,163.91,2
41.4182,163.91,2
41.3282,163.91,2
41.3857,214.434,2
41.4165,214.434,2
41.3252,214.434,2
41.449,214.434,2
41.5361,214.434,1
41.3371,241.68,2
41.5815,418.234,2
41.6639,418.234,2
42.2252,418.234,2
42.3948,418.234,2
42.7373,418.234,2
42.9098,483.351,2
43.1228,483.351,2
43.3384,483.351,2
43.4651,483.351,2
43.6976,172.411,2
43.8538,172.411,2
43.9315,172.411,2
44.0175,172.411,2
44.133,172.411,2
44.133,172.411,2
44.172,227.129,2
44.4258,227.129,2
44.5878,227.129,2
44.5246,227.129,2
44.8241,227.129,2
44.9992,174.217,2
45.2337,174.217,2
45.1089,174.217,2
45.1618,174.217,2
45.2792,174.217,2
45.3463,291.845,2
45.4362,291.845,2
45.5263,291.845,2
45.7138,291.845,2
45.75715,265.5465,2
45.8005,239.248,2
45.9487,239.248,2
46.0765,239.248,2
46.1345,239.248,2
46.2183,239.248,2
46.5405,843.406,2
46.5673,843.406,2
46.7615,843.406,2
46.933,843.406,2
46.9507,843.406,2
47.0961,290.118,2
47.2102,290.118,2
47.161,290.118,2
47.2745,290.118,2
47.3658,244.3045,2
47.3658,198.491,2
47.4992,198.491,2
47.5246,198.491,2
47.4817,198.491,2
47.6564,198.491,2
47.6818,185.05,2
47.6397,185.05,2
47.6127,185.05,2
47.7129,185.05,2
47.8711,185.05,2
47.6867,252.702,2
47.7049,252.702,2
47.5801,252.702,2
47.623,252.702,1
47.6246,219.379,2
47.6667,219.379,2
47.5675,219.379,2
47.5219,219.379,2
47.4763,219.379,2
47.5524,219.379,2
47.4438,356.437,2
47.4263,356.437,2
47.3579,356.437,2
47.4912,356.437,2
47.5508,356.437,2
47.5691,218.716,2
47.5691,218.716,2
47.7428,218.716,2
47.8196,218.716,2
47.8854,218.716,2
47.8007,418.641,2
47.8435,418.641,2
47.892,418.641,2
47.8986,418.641,2
47.8312,312.6435,2
47.8312,206.646,2
47.755,206.646,2
47.6731,206.646,2
47.916,206.646,2
47.908,206.646,2
47.8167,213.519,2
47.7819,213.519,2
47.9087,213.519,2
47.8899,213.519,2
47.996,213.519,2
47.99,396.85,2
47.9139,396.85,2
47.7709,396.85,2
47.7854,396.85,2
47.8108,273.735,2
47.9177,273.735,2
47.9177,273.735,2
47.9425,273.735,2
47.8902,273.735,2
47.9652,273.735,2
48.0583,306.245,2
48.1358,306.245,2
48.3445,306.245,2
48.2268,306.245,2
48.1265,306.245,2
48.2107,265.525,2
48.1686,265.525,2
48.1258,265.525,2
48.0763,265.525,2
48.0502,350.49,2
48.1339,350.49,2
48.191,350.49,2
48.17795,350.49,2
48.1649,350.49,2
48.0469,350.49,2
48.0644,371.673,2
48.2574,371.673,2
48.4325,371.673,2
48.3314,371.673,2
48.2631,371.673,2
48.2215,201.066,2
48.2869,201.066,2
48.2013,201.066,2
48.1157,201.066,2
48.1924,243.183,2
48.277,243.183,2
48.3616,243.183,2
48.5047,243.183,2
48.4315,243.183,2
48.4813,243.183,2
48.5306,362.37,2
48.557,362.37,2
48.3059,362.37,2
48.2041,362.37,2
48.2041,362.37,2
48.104,441.332,2
48.1444,441.332,2
47.9852,441.332,2
47.951,441.332,2
47.9503,201.743,2
48.0611,201.743,2
48.1444,201.743,2
48.1444,201.743,2
48.0175,201.743,2
47.8319,201.743,2
48.0423,3062.905,2
48.1183,3062.905,2
48.0779,3062.905,2
48.0892,3062.905,2
47.9879,237.275,2
47.9792,237.275,2
48.0966,237.275,2
48.0966,237.275,2
48.2233,237.275,2
48.0563,237.275,2
48.0134,663.233,2
48.0067,663.233,2
48.0067,663.233,2
47.9906,663.233,2
47.8713,663.233,2
47.813,205.978,2
47.931,205.978,2
47.8727,205.978,2
47.8224,205.978,2
47.7889,205.978,2
47.7052,277.945,2
47.8923,277.945,2
47.9773,277.945,2
47.9292,277.945,2
47.9393,343.867,2
48,343.867,3
48,343.867,2
48.0532,343.867,1
48.1574,343.867,2
48.4572,343.867,2
48.3079,474.068,2
48.2753,474.068,2
48.3289,474.068,2
48.3397,474.068,2
48.4988,474.068,2
48.5423,274.143,2
48.7104,274.143,2
49.009,274.143,2
49.0356,274.143,2
49.168,298.829,2
49.1702,298.829,2
49.1798,298.829,2
49.2455,298.829,2
49.2455,298.829,2
49.3277,298.829,2
49.3288,257.717,2
49.4754,257.717,2
49.4672,257.717,2
49.4592,257.717,2
49.734,257.717,2
49.7424,250.661,2
44.3434,366.552,2
44.3658,622.801,2
44.5511,622.801,2
44.70185,622.801,2
44.8526,622.801,2
45.0303,622.801,2
45.2617,622.801,2
45.4331,348.977,2
45.4637,348.977,2
45.6778,348.977,2
46.0464,348.977,2
46.3595,348.977,2
46.41,405.205,2
46.3685,405.205,2
46.6734,405.205,2
46.8729,405.205,2
46.9886,341.804,2
47.2054,341.804,2
47.2054,341.804,2
47.1956,341.804,2
47.042,341.804,2
47.145,341.804,2
47.3232,337.58,2
47.4499,337.58,2
47.68995,337.58,2
47.93,337.58,2
48.0067,337.58,2
48.2254,516.522,2
48.2886,516.522,2
48.3518,516.522,2
48.386,516.522,2
48.5633,516.522,2
48.6922,259.628,2
48.5906,259.628,2
48.7838,259.628,2
48.7743,259.628,2
48.7743,259.628,2
48.7145,282.837,2
48.9255,282.837,2
49.0265,282.837,2
49.2693,282.837,2
49.2693,282.837,2
49.3954,486.51,1
49.2517,486.51,2
49.252,486.51,2
49.4616,486.51,2
49.5965,486.51,2
49.6639,575.871,2
49.5714,575.871,2
49.5539,575.871,2
49.714,575.871,2
49.8653,376.717,2
49.9243,376.717,3
49.8738,376.717,2
49.96215,376.717,2
50.0505,376.717,2
50.1177,376.717,2
49.958,880.141,2
49.9496,880.141,2
49.9832,880.141,2
49.8235,880.141,2
49.9327,880.141,2
49.9328,306.314,2
49.622,306.314,2
49.7566,306.314,2
49.6639,306.314,2
49.7058,306.314,2
49.7061,379.311,2
49.7398,379.311,2
49.8574,379.311,2
49.8154,379.311,2
49.7902,340.3285,2
49.765,301.346,2
49.6894,301.346,2
49.7228,301.346,2
49.664,301.346,2
49.5296,301.346,2
49.4539,431.147,2
49.4625,431.147,2
49.8156,431.147,2
49.8156,431.147,2
49.7567,431.147,2
49.6562,255.197,3
49.6056,255.197,2
49.6982,255.197,2
49.7653,255.197,2
49.7315,524.363,2
49.66025,524.363,2
49.589,524.363,2
49.547,524.363,2
49.5213,524.363,2
49.5964,524.363,2
49.5621,266.708,2
49.7643,266.708,2
49.9075,266.708,2
50.0421,266.708,2
49.9916,266.708,2
50.0842,353.674,2
50.1009,353.674,2
50.0252,353.674,2
50.042,353.674,2
49.9244,339.897,2
50,339.897,2
50.0547,339.897,2
50.1094,339.897,2
50.1093,339.897,2
49.9328,339.897,2
49.8485,457.677,2
49.8064,457.677,2
49.9495,457.677,2
50.0673,457.677,2
49.8145,457.677,2
49.6373,347.327,2
49.6375,347.327,2
49.4606,347.327,2
49.5028,347.327,2
49.52,326.786,2
49.6377,326.786,2
49.646,326.786,2
49.7809,326.786,2
49.73475,326.786,2
49.6886,326.786,2
49.7473,505.201,3
49.8484,505.201,2
49.8906,505.201,2
50.0757,505.201,2
50.0842,505.201,2
50.0673,554,2
50.0084,554,2
49.8735,554,2
49.8735,554,2
49.9157,554,2
50.0506,282.629,2
50.0842,282.629,2
50.0421,282.629,2
50.1348,282.629,2
50.1347,437.057,2
50.202,437.057,2
50.2693,437.057,2
50.2441,437.057,2
50.2779,437.057,2
50.219,437.057,2
50.362,386.628,2
50.4128,386.628,2
50.4128,386.628,2
50.32,386.628,2
50.3786,386.628,2
50.5302,254.06,2
50.6393,254.06,2
50.7312,254.06,2
50.6214,310.477333333333,2
50.5668,366.894666666667,2
50.5122,423.312,2
50.3027,423.312,2
50.2688,423.312,2
50.4783,423.312,2
50.6206,253.116,2
50.5194,253.116,2
50.5194,253.116,2
50.5697,253.116,2
50.5614,253.116,2
50.4771,253.116,2
50.6524,626.237,2
50.5686,626.237,2
50.5686,626.237,2
50.778,626.237,2
50.9532,626.237,2
50.9856,6224.002,2
50.8687,6224.002,2
50.7759,6224.002,2
50.7759,6224.002,2
50.9588,6224.002,2
51.1581,273.477,3
51.2077,273.477,2
51.1911,273.477,2
51.1248,273.477,2
51.2333,193.277,2
51.2337,193.277,2
jan.51,193.277,2
51.0507,193.277,2
51.0766,193.277,2
51.0766,193.277,2
51.0681,276.582,2
51.0098,276.582,2
51.0105,276.582,2
50.735,276.582,2
50.8678,276.582,2
50.8927,344.02,2
51.0766,344.02,2
50.9425,344.02,2
50.9261,344.02,2
50.9012,344.02,2
50.8342,514.53,3
50.9173,514.53,2
51,514.53,2
50.9673,514.53,2
51.0504,484.402,2
51.0504,454.274,2
45.1793,319.295,2
45.3378,319.295,2
45.6401,319.295,2
45.6969,319.295,2
45.9852,286.129,2
46.1707,286.129,2
46.355,286.129,2
46.4708,286.129,2
46.741,309.409,2
46.9346,309.409,2
47.1453,309.409,2
47.1453,309.409,2
47.4316,309.409,2
47.6448,309.409,2
47.7115,388.257,2
48.0743,388.257,2
48.2421,388.257,2
48.4362,388.257,2
48.7232,388.257,2
48.9092,890.984,2
49.0866,890.984,2
49.2643,890.984,2
49.2643,890.984,2
ápr.49,890.984,2
49.5861,1656.681,2
49.8141,1656.681,3
49.9492,1656.681,2
50.1356,1656.681,2
50.3301,1656.681,2
50.3473,2763.017,2
50.4318,2763.017,2
50.7872,2763.017,2
50.9309,2763.017,2
50.8211,2763.017,2
50.9472,354.136,2
51.0833,354.136,2
51.0833,354.136,2
50.9063,354.136,2
51.1352,354.136,3
51.1107,302.99,2
51.1782,302.99,2
51.2274,302.99,2
51.2179,302.99,2
51.2096,302.99,2
51.328,388.09,2
51.4542,388.09,2
51.4875,388.09,2
51.4199,388.09,2
51.3696,539.995,2
51.3623,539.995,2
51.5146,539.995,2
51.6249,539.995,2
51.66665,539.995,2
51.7084,539.995,2
51.925,458.896,2
51.9163,458.896,2
51.9656,458.896,2
52.2443,458.896,3
52.1013,458.896,2
52.1622,4701.785,2
52.2282,4701.785,2
52.2048,4701.785,2
52.1989,4701.785,2
52.1644,4701.785,2
52.0555,340.263,2
52.0548,340.263,2
52.0636,340.263,2
52.0967,340.263,2
52.1143,349.639,2
52.121,349.639,2
52.121,349.639,2
52.1967,349.639,2
52.0879,349.639,2
52.0122,349.639,2
52.0196,471.195,2
52.0446,471.195,2
52.0851,471.195,2
52.0837,471.195,2
51.9231,471.195,2
51.8062,431.198,2
51.8231,431.198,2
51.6636,431.198,2
51.773,431.198,2
51.8819,366.736,2
51.7893,366.736,2
51.74245,366.736,2
51.6956,366.736,2
51.5944,366.736,2
51.4778,366.736,2
51.4619,500.396,2
51.4696,500.396,2
51.3523,500.396,2
51.2855,500.396,2
51.3706,500.396,2
51.5223,337.13,2
51.445,337.13,2
51.6565,337.13,2
51.6996,337.13,2
51.8093,337.13,2
51.9588,621.806,2
51.9946,621.806,2
51.9452,621.806,2
52.0488,621.806,2
52.06605,482.021,2
52.0833,342.236,2
51.939,342.236,2
51.9127,342.236,2
51.855,342.236,2
51.9716,342.236,2
51.9553,263.107,2
51.9045,263.107,2
51.6227,263.107,2
51.5797,263.107,2
51.4962,263.107,2
51.572,332.87,2
51.6478,332.87,2
51.5203,332.87,2
51.6869,332.87,2
51.805,508.948,2
51.9892,508.948,2
51.9892,508.948,2
51.9643,508.948,2
52.0067,508.948,2
52.0236,508.948,2
52.0925,334.96,3
52.2773,334.96,2
52.5392,334.96,2
52.4123,334.96,2
52.3103,334.96,2
52.3882,6075.712,2
52.3568,6075.712,2
52.2716,6075.712,2
52.2048,6075.712,2
52.1967,3955.607,2
52.1864,3955.607,2
52.1937,3955.607,2
52.1897,3955.607,2
52.1857,3955.607,2
52.1622,3955.607,3
52.1365,1368.519,2
52.077,1368.519,2
52.102,1368.519,2
52.1013,1368.519,2
52.077,1368.519,2
52.1343,318.464,2
52.2187,318.464,2
52.2084,318.464,2
52.1167,318.464,2
52.2428,276.838,2
52.3272,276.838,2
52.4347,276.838,2
52.45155,276.838,2
52.4684,276.838,2
52.4364,276.838,2
52.5527,424.532,2
52.4427,424.532,2
52.4355,424.532,2
52.5013,424.532,2
52.4739,424.532,2
52.4659,679.153,2
52.4105,679.153,2
52.3441,679.153,2
52.3185,679.153,2
52.3602,679.153,2
52.5378,290.599,2
52.6148,290.599,3
52.7899,290.599,2
52.774,290.599,2
52.7731,514.373,2
52.8221,514.373,2
52.8711,514.373,2
52.8631,514.373,2
52.959,514.373,2
53.0688,514.373,2
53.1161,254.147,2
53.1565,254.147,2
márc.53,254.147,2
53.0183,254.147,2
52.9926,254.147,2
52.873,718.25,2
52.8394,718.25,2
52.6537,718.25,2
52.7022,718.25,2
52.7932,264.186,2
52.7535,264.186,2
52.69165,264.186,2
52.6298,264.186,2
52.5105,264.186,2
52.568,264.186,2
52.8277,600.708,2
52.7367,600.708,2
52.7004,600.708,2
52.81585,600.708,2
52.9313,600.708,2
52.9431,370.184,3
52.9027,370.184,3
52.9027,370.184,2
53.0034,370.184,2
53.0664,370.184,2
53.1234,266.124,2
53.1313,266.124,2
53.09935,266.124,2
53.0674,266.124,2
52.879,266.124,2
52.7437,226.319,2
52.5751,226.319,2
52.5336,226.319,2
46.5911,328.288,2
47.0489,113149.029,2
47.4814,113149.029,2
47.61335,113149.029,2
47.7453,113149.029,2
47.9209,113149.029,2
48.0236,113149.029,2
48.0568,687.069,3
48.207,687.069,3
48.5207,687.069,3
48.6052,687.069,2
48.8081,20153.661,2
49.0107,20153.661,2
49.2651,20153.661,2
49.2651,20153.661,2
49.5521,20153.661,2
49.8141,20153.661,2
50.0845,594.555,2
50.2703,594.555,3
50.5741,594.555,2
50.5827,594.555,2
51.0635,811.17,2
51.0635,811.17,2
51.2068,811.17,2
51.4247,811.17,2
51.4932,811.17,2
51.5617,811.17,2
51.6968,1415.8,2
51.7887,1415.8,2
51.8656,1415.8,2
52.0169,1415.8,2
52.1336,1368.394,2
52.3142,1368.394,2
52.5063,1368.394,2
52.6662,1368.394,2
52.7497,1368.394,2
52.80525,964.1605,2
52.8608,559.927,2
53.0037,559.927,2
53.1398,559.927,3
53.4727,559.927,2
53.5275,559.927,2
53.7464,611.214,2
53.9963,611.214,2
54.0222,611.214,2
54.0572,611.214,2
54.3588,611.214,2
54.3511,547.369,3
54.4276,547.369,3
54.4491,547.369,2
54.2838,547.369,2
54.2742,400.314,2
54.2419,400.314,2
54.199,400.314,2
54.475,400.314,2
54.5225,400.314,2
54.57,400.314,2
54.4688,450.446,2
54.5945,450.446,2
54.5025,450.446,2
54.5531,450.446,2
54.9241,450.446,2
54.8061,982.653,2
54.6406,982.653,2
54.6529,982.653,2
54.682,982.653,2
54.7924,982.653,2
54.9747,495.576,2
54.8676,495.576,2
54.6883,495.576,2
54.636,495.576,2
54.6743,506.868,2
54.7756,506.868,2
54.7651,506.868,2
54.7651,506.868,2
54.739,506.868,2
54.6714,506.868,2
54.7205,363.611,2
54.7221,363.611,2
54.5393,363.611,2
54.5531,363.611,2
54.3673,363.611,2
54.4334,346.366,2
54.4441,346.366,2
54.4471,346.366,2
54.547,346.366,2
54.5793,411.359,2
54.6484,411.359,2
54.7635,411.359,3
54.8818,411.359,2
54.854,411.359,2
55.011,411.359,2
54.8589,2581.872,2
54.7792,2581.872,2
54.7792,2581.872,2
54.7934,2581.872,2
54.8993,2581.872,2
54.9501,470.556,2
54.8043,470.556,2
54.7486,470.556,2
54.6039,470.556,2
54.6332,287.639,2
54.4207,287.639,2
54.40305,287.639,2
54.3854,287.639,2
54.407,287.639,2
54.1638,287.639,2
54.2364,283.089,2
54.2273,283.089,2
54.1667,283.089,2
54.3331,283.089,2
54.3074,283.089,2
54.3566,518.991,2
54.5378,518.991,2
54.5424,518.991,2
54.5162,518.991,2
54.5101,522.063,2
54.4377,522.063,2
54.664,522.063,2
54.7339,522.063,3
54.8038,522.063,2
54.8005,522.063,2
54.7575,596.99,2
54.7543,596.99,2
54.7941,596.99,2
54.7864,596.99,2
54.7756,596.99,2
54.8126,503.085,2
54.7342,503.085,2
54.7647,503.085,2
54.7004,503.085,2
54.8583,1313.118,2
54.7924,1313.118,2
54.9149,1313.118,2
54.8012,1313.118,2
54.77835,1313.118,2
54.7555,1313.118,2
54.5531,333.334,2
54.3922,333.334,2
54.4972,333.334,2
54.6022,333.334,2
54.5117,333.334,2
54.5087,294.207,2
54.5914,294.207,2
54.4965,294.207,2
54.5225,294.207,2
54.6052,294.207,2
54.5087,406.207,2
54.5103,406.207,2
54.5103,406.207,2
54.5669,406.207,2
54.4706,406.207,2
54.3668,431.141,2
54.4707,431.141,2
54.4799,431.141,2
54.5714,431.141,2
54.5866,469.152,2
54.5866,507.163,2
54.6155,507.163,3
54.5607,507.163,2
54.4966,507.163,2
54.5226,507.163,2
54.7208,698.519,3
54.7407,698.519,2
54.8506,698.519,2
54.8858,698.519,2
54.7943,698.519,2
54.6691,308.559,2
54.7027,308.559,2
54.8062,308.559,2
54.5943,308.559,2
54.6494,423.076,2
54.5776,537.593,2
54.342,537.593,2
54.3131,537.593,2
54.3116,537.593,2
54.2108,537.593,2
54.4416,405.521,2
54.278,405.521,2
54.1491,405.521,2
54.2025,405.521,2
54.095,405.521,2
54.0873,377.573,2
54.0536,377.573,2
53.9032,377.573,2
54.0212,377.573,2
54.0837,710.631,2
54.0071,710.631,2
54.1449,710.631,2
54.0978,710.631,2
54.0978,710.631,2
54.1653,710.631,2
54.2207,794.772,3
54.1898,794.772,2
54.1898,794.772,2
54.1716,794.772,2
54.2915,794.772,2
54.2992,477.766,2
54.4828,477.766,2
54.4659,477.766,2
54.342,477.766,2
54.6998,1344.086,2
54.7855,1344.086,2
54.6097,1344.086,2
54.596,1344.086,2
54.5439,1344.086,2
54.61585,847.263,2
54.6878,350.44,2
54.7551,350.44,2
54.697,350.44,2
54.593,350.44,2
54.5884,350.44,2
54.849,410.068,2
54.7097,410.068,2
54.9334,24524.617,3
54.9578,24524.617,3
54.9578,24524.617,3
55.0067,24524.617,3
54.9301,72391.891,3
54.9115,72391.891,3
55.112,72391.891,3
55.0564,72391.891,3
54.9907,72391.891,3
54.9907,72391.891,3
55.0337,32196.616,3
54.9773,32196.616,3
54.9756,32196.616,3
54.8561,32196.616,3
54.8957,38121.239,3
54.8832,38121.239,3
54.8295,38121.239,3
54.8295,38121.239,3
54.7395,38121.239,3
54.8387,42994.108,3
54.6478,42994.108,3
54.5959,42994.108,3
54.4782,42994.108,3
54.518,42994.108,3
54.518,42994.108,3
54.5852,32491.856,3
54.5699,32491.856,3
54.5775,32491.856,3
54.6187,32491.856,3
54.6187,32491.856,3
54.5729,45120.284,3
54.5073,45120.284,3
54.4951,45120.284,3
54.4418,45120.284,3
54.3824,36788.435,3
54.4815,36788.435,3
54.4815,36788.435,3
54.4221,36788.435,3
54.4556,36788.435,3
54.3278,42293.959,3
54.3475,42293.959,3
54.2148,42293.959,3
54.2072,42293.959,3
54.2072,42293.959,3
54.0654,42293.959,3
54.3504,68293.769,3
54.1478,68293.769,3
54.0369,68293.769,3
54.0613,68293.769,3
53.8938,41978.563,3
53.8848,41978.563,3
53.8758,41978.563,3
53.8255,41978.563,3
53.7406,41978.563,3
53.4705,33599.756,3
53.4627,33599.756,3
53.4538,33599.756,3
53.4125,33599.756,3
53.4125,33599.756,3
53.4783,49773.894,3
53.4503,49773.894,3
53.0582,49773.894,3
53.08715,49773.894,3
53.1161,49773.894,3
53.0837,49773.894,3
52.9087,37758.924,3
53.0483,37758.924,3
52.6826,37758.924,3
52.5727,37758.924,3
52.4048,74069.813,3
52.4048,74069.813,3
52.5217,74069.813,3
52.49,74069.813,3
52.4494,74069.813,3
52.2408,53950.039,3
52.2408,33830.265,3
52.4335,33830.265,3
52.3339,33830.265,3
52.2081,33830.265,3
51.8977,45755.794,3
51.9231,45755.794,3
51.8141,45755.794,3
51.697,45755.794,3
51.697,45755.794,3
51.5897,45755.794,3
51.8176,6581.495,3
51.8437,4337.954,3
51.7596,4337.954,3
51.8032,4337.954,3
51.8949,4337.954,3
52.0728,4337.954,3
51.9629,8223.685,3
51.9454,8223.685,3
51.99595,8223.685,3
52.0465,8223.685,3
51.9953,8223.685,3
52.1549,12075.865,3
52.2054,12075.865,3
52.2398,12075.865,3
52.2559,12075.865,3
52.2655,12075.865,3
52.4756,27226.602,3
52.4756,42377.339,3
52.5606,42377.339,3
52.4941,42377.339,3
52.4701,42377.339,3
52.4444,9762.777,3
52.5013,9762.777,3
52.4516,9762.777,3
52.4098,9762.777,2
52.4355,9762.777,3
52.4162,9762.777,3
52.4427,7799.674,3
52.5341,7799.674,3
52.5429,7799.674,3
52.4034,7799.674,3
52.4034,7799.674,3
52.4364,7462.962,3
52.5126,7462.962,3
52.3858,7462.962,3
52.4195,7462.962,3
52.2677,7301.301,3
52.2172,7301.301,3
52.2172,7301.301,3
52.1842,7301.301,3
52.1754,7301.301,3
52.234,6249.808,3
52.149,6249.808,3
52.0654,6249.808,3
52.0904,6249.808,3
51.9879,6249.808,3
51.9778,6334.127,3
52.0619,6334.127,3
51.9299,6334.127,3
51.9562,6334.127,3
51.8712,6334.127,3
51.7363,4543.584,3
51.6374,4543.584,3
51.6374,4543.584,3
51.5944,4543.584,3
51.638,4543.584,3
51.6717,3755.953,3
51.6636,3755.953,3
51.645,3755.953,3
51.6276,3755.953,3
51.5427,3755.953,3
51.5427,3755.953,3
51.5688,3331.728,3
51.6026,3331.728,3
51.645,3331.728,3
51.5264,3331.728,3
51.4344,3448.667,3
51.4006,3448.667,3
51.33395,3448.667,3
51.2673,3448.667,3
51.3856,3448.667,3
51.2938,1684.833,3
51.1585,1684.833,3
51.1919,1684.833,3
51.1589,1684.833,3
51.1246,1684.833,3
51.07405,3918.276,3
51.0235,6151.719,3
51.048,6151.719,3
51.1318,6151.719,3
51.1149,6151.719,3
51.0811,12914.881,3
51.1321,12914.881,3
51.2756,12914.881,3
51.31005,12914.881,3
51.3445,12914.881,3
51.3445,12914.881,3
51.4957,19228.828,3
51.5305,19228.828,3
51.6746,19228.828,3
51.7667,19228.828,3
51.7836,57206.428,3
51.77075,57206.428,3
51.7579,57206.428,3
51.9019,57206.428,3
51.9007,57206.428,3
51.8168,26465.403,3
51.875,26465.403,3
51.8587,26465.403,3
51.9094,26465.403,3
51.9176,26465.403,3
51.8249,26465.403,3
51.8756,14551.077,3
51.9094,14551.077,3
51.9344,14551.077,3
51.9682,14551.077,3
52.0446,23293.06,3
51.9169,23293.06,3
51.9169,23293.06,3
51.773,23293.06,3
51.8318,23293.06,3
52.0095,50660.011,3
52.0756,50660.011,3
52.1255,50660.011,3
52.201,50660.011,3
52.0816,50660.011,3
52.1402,50660.011,3
52.1475,24742.041,3
52.2486,24742.041,3
52.3593,24742.041,3
48.6046,202453.219,3
48.6968,120451.427,3
48.5119,120451.427,3
48.3106,120451.427,3
47.9233,120451.427,3
47.7808,73056.963,3
47.7808,73056.963,3
47.4861,73056.963,3
46.8718,73056.963,3
46.8718,73056.963,3
46.6083,66870.787,3
46.2717,66870.787,3
46.106,66870.787,3
45.5707,66870.787,3
45.3277,66870.787,3
45.3277,66870.787,3
45.1504,42742.58,3
44.8966,42742.58,3
44.5585,42742.58,3
44.1903,42742.58,3
43.9812,63780.288,3
43.9812,63780.288,3
43.688,63780.288,3
42.9867,63780.288,3
42.7516,63780.288,3
42.58005,41921.797,3
42.4085,20063.306,3
42.0531,20063.306,3
41.7045,20063.306,3
41.4216,20063.306,3
41.1221,19067.616,3
40.4874,19067.616,3
40.178,19067.616,3
39.94625,19067.616,3
39.7145,19067.616,3
39.4021,19067.616,3
39.1166,8302.702,3
38.9019,8302.702,3
38.4706,8302.702,3
37.8569,8302.702,3
37.605,3375.98,3
37.4611,3375.98,3
37.3172,3375.98,3
37.0234,3375.98,3
36.8005,3375.98,3
36.5653,1683.128,3
36.2034,1683.128,3
35.7323,1683.128,3
35.2458,1683.128,3
35.20635,1683.128,3
35.1669,1683.128,3
34.9036,3085.334,3
34.5503,3085.334,3
34.1929,3085.334,3
34.1088,3085.334,3
33.4672,2601.996,3
33.311,2601.996,3
33.311,2601.996,3
32.8703,2601.996,3
32.5749,2601.996,3
32.2062,2281.417,3
32.2062,2281.417,3
32.156,2281.417,3
32.2403,2281.417,3
32.2265,2281.417,3
32.2127,2281.417,3
32.291,1727.139,3
32.2683,1727.139,3
32.3859,1727.139,3
32.3362,1727.139,3
32.4148,1738.1,3
32.34505,1738.1,3
32.2753,1738.1,3
32.1518,1738.1,3
32.1906,1738.1,3
32.1506,2841.568,3
31.9886,2841.568,3
32.0569,2841.568,3
31.8668,2841.568,3
31.8668,2841.568,3
31.844,2841.568,3
31.8053,4098.604,3
31.7261,4098.604,3
31.6362,4098.604,3
31.586,4098.604,3
31.586,máj.82,3
31.57455,máj.82,3
31.5631,máj.82,3
31.6583,máj.82,3
31.6371,máj.82,3
31.6133,5476.774,3
31.7024,5476.774,3
31.5339,5476.774,3
31.6072,5476.774,3
31.58425,5476.774,3
31.5613,5476.774,3
31.5048,8418.679,3
31.3633,8418.679,3
31.4094,8418.679,3
31.511,8418.679,3
31.5287,5895.216,3
31.5525,5895.216,3
31.5688,5895.216,3
31.5851,5895.216,3
31.6644,5895.216,3
31.653,3388.238,3
31.5966,3388.238,3
31.5631,3388.238,3
31.5119,3388.238,3
31.4334,3388.238,3
31.39145,5815.952,3
31.3495,8243.666,3
31.1629,8243.666,3
31.1797,8243.666,3
31.1283,8243.666,3
31.1051,6994.546,3
31.0472,6994.546,3
31.0084,6994.546,3
31.0084,6994.546,3
31.0096,6994.546,3
30.9128,2726.378,3
30.8455,2726.378,3
30.8455,2726.378,3
30.627,2726.378,3
30.6308,2726.378,3
30.6205,6508.151,3
30.4589,6508.151,3
30.4421,6508.151,3
30.4253,6508.151,3
30.4253,6508.151,3
30.3683,3889.725,3
30.2556,3889.725,3
30.2658,3889.725,3
30.472,3889.725,3
30.4903,3889.725,3
30.4903,3889.725,3
30.4917,8186.587,3
30.4099,8186.587,3
30.3478,8186.587,3
30.3478,8186.587,3
30.3646,8186.587,3
30.3208,8218.924,3
30.3392,8218.924,3
30.3376,8218.924,3
30.2822,8218.924,3
30.2419,7148.796,3
30.3508,7148.796,3
30.3508,7148.796,3
30.2333,7148.796,3
30.2888,7148.796,3
30.1763,10197.522,3
30.2735,10197.522,3
30.2532,10197.522,3
30.2029,10197.522,3
30.2146,10197.522,3
30.2146,10197.522,3
30.1744,5900.916,3
30.3117,5900.916,3
30.3401,5900.916,3
30.3467,5900.916,3
30.1994,8756.516,3
30.2329,8756.516,3
30.0872,8756.516,3
42.6749,35714.599,3
42.6749,35714.599,3
42.6749,35714.599,3
42.5285,35714.599,3
42.5118,35714.599,3
