Timestamp,HomerCPUUsage,HomerDevRead,HomerDevWrite,HomesteadCPUUsage,HomesteadDevRead,HomesteadDevWrite,SproutCPUUsage,SproutCPUNice,SproutDevRead,SproutDevWrite,BonoCPUUsage,BonoDevRead,BonoDevWrite,BonoReject,BonoQueueSizeVariance,BonoLatencyAverage,BonoLatencyVariance,BonoIncomingRequestsCount,BonoQueueSizeAverage,HomesteadLatencyAverage,HomesteadIncomingRequestsCount,HomesteadLatencyVariance,HomesteadReject,SproutReject,SproutQueueSizeAverage,HomerLatencyAverage,SproutIncomingRequestsCount,HomerLatencyVariance,HomerIncomingRequestsCount,SproutLatencyVariance,SproutQueueSizeVariance,SproutLatencyAverage,HomesteadCPUSwitches,SproutCPUSwitches,HomerCPUSwitches,SproutCPUIntr,HomerCPUIntr,BonoCPUIntr,BonoCPUSwitches,HomesteadCPUIntr,CallRate,CurrentCalls,SuccessfulCalls,FailedCalls,FailedUnexpectedMessages,FailedTimeoutOnRecv,OutOfCallMsgs,Warnings,RegisterRT,CallsetupRT,CallteardownRT,ResponseTimeRepartitionRegisterLT500,ResponseTimeRepartitionRegisterLT1000,ResponseTimeRepartitionRegisterLT2000,ResponseTimeRepartitionRegisterLT3000,ResponseTimeRepartitionRegisterLT4000,ResponseTimeRepartitionRegisterLT7000,ResponseTimeRepartitionRegisterLT10000,ResponseTimeRepartitionRegisterGTE10000,ResponseTimeRepartitionCallSetupLT500,ResponseTimeRepartitionCallSetupLT1000,ResponseTimeRepartitionCallSetupLT2000,ResponseTimeRepartitionCallSetupLT3000,ResponseTimeRepartitionCallSetupLT4000,ResponseTimeRepartitionCallSetupLT7000,ResponseTimeRepartitionCallSetupLT10000,ResponseTimeRepartitionCallSetupGTE10000,ResponseTimeRepartitionCallTeardownLT500,ResponseTimeRepartitionCallTeardownLT1000,ResponseTimeRepartitionCallTeardownLT2000,ResponseTimeRepartitionCallTeardownLT3000,ResponseTimeRepartitionCallTeardownLT4000,ResponseTimeRepartitionCallTeardownLT7000,ResponseTimeRepartitionCallTeardownLT10000,ResponseTimeRepartitionCallTeardownGTE10000,FaultRate,RegisterCalls,CallteardownCalls,CallsetupCalls,Workload,WorkloadPhase,targetCallrate.desc,withinSLA,regSum,setSum,tearSum,RegisterRTClass
426,16.5694,0,4.9833,37.3549,0,4.7833,76.7333,0.0168,0,5.5333,54.7855,0,4.6833,0,3,0.967,1344.086,6001,1,0.671,2666,374.463,0,0,0,2.178,4775,341.534,438,8908.737,0,1.585,8457,8866,1943,4110,801,3447,3643,1956,45.1866,5542,34,0,0,0,0,0,570,400,100,43,0,0,0,0,0,0,0,0,0,0,0,0,49,0,0,40,0,0,0,0,0,0,0,0,286,157,784,46,plateau,46,TRUE,43,49,40,2
431,16.6472,0,4.3167,37.5883,0,4.45,76.9541,0.0168,0,5.4833,54.6878,0,4.7833,0,1,0.783,350.44,5964,0,0.722,2888,555.389,0,0,0,2.277,4903,485.6,474,10153.931,0,1.718,10270,10158,1766,4852,740,4660,3488,2309,46.5808,5546,46,0,0,0,0,0,740,560,130,48,0,0,0,0,0,0,0,0,0,0,0,0,54,0,0,47,0,0,0,0,0,0,0,0,349,191,794,46,plateau,46,TRUE,48,54,47,2
432,16.575,0,4.3167,37.5736,0,4,77.0343,0.0168,0,5.4833,54.7551,0,4.7833,0,1,0.783,350.44,5964,0,0.722,2888,555.389,0,0,0,2.277,4903,485.6,474,10153.931,0,1.718,11221,10457,2106,5281,814,4847,3508,2454,45.9082,5544,48,0,0,0,0,0,690,450,90,42,0,0,0,0,0,0,0,0,0,0,0,0,55,0,0,42,0,0,0,0,0,0,0,0,312,178,801.5,46,plateau,46,TRUE,42,55,42,2
434,16.3806,0,4.0833,37.4853,0,4.0333,77.0045,0.0168,0,5.4833,54.593,0,5.3833,0,1,0.783,350.44,5964,0,0.722,2888,555.389,0,0,0,2.277,4903,485.6,474,10153.931,0,1.718,9848,9766,1631,4640,645,4427,3426,2265,45.9082,5518,52,0,0,0,0,0,540,430,90,47,0,0,0,0,0,0,0,0,0,0,0,0,38,0,0,55,0,0,0,0,0,0,0,0,351,185,560,46,plateau,46,TRUE,47,38,55,2
435,16.3639,0,4.2167,37.5126,0,4.0333,77.0679,0.0168,0,5.4833,54.5884,0,5.3833,0,1,0.783,350.44,5964,0,0.722,2888,555.389,0,0,0,2.277,4903,485.6,474,10153.931,0,1.718,9427,9375,1493,4505,648,4430,3347,2123,45.954,5515,49,0,0,0,0,0,510,420,90,50,0,0,0,0,0,0,0,0,0,0,0,0,39,0,0,44,0,0,0,0,0,0,0,0,338,219,622,46,plateau,46,TRUE,50,39,44,2
436,16.3806,0,4.2167,37.6346,0,4.0333,77.1366,0.0168,0,05.máj,54.849,0,5.3833,0,2,0.852,410.068,6126,1,0.752,2928,577.844,0,0,0,2.337,5141,772.782,415,10009.664,0,1.732,9179,9107,2190,4581,918,4648,3428,2000,45.8624,5513,48,0,0,0,0,0,550,400,100,46,0,0,0,0,0,0,0,0,0,0,0,0,45,0,0,54,0,0,0,0,0,0,0,0,356,176,631,46,plateau,46,TRUE,46,45,54,2
437,16.4194,0,4.2167,37.5589,0,4.8167,76.857,0.0168,0,06.máj,54.7097,0,5.3833,0,2,0.852,410.068,6126,1,0.752,2928,577.844,0,0,0,2.337,5141,772.782,415,10009.664,0,1.732,9394,9029,1985,4627,771,4427,3513,2061,46.953,5518,42,0,0,0,0,0,800,520,110,54,0,0,0,0,0,0,0,0,0,0,0,0,52,0,0,40,0,0,0,0,0,0,0,0,312,216,786,46,plateau,46,TRUE,54,52,40,2
438,16.4388,0,4.2167,37.5547,0,4.85,76.9036,0.0168,0,06.máj,54.6835,0,5.3833,0,2,0.852,410.068,6126,1,0.752,2928,577.844,0,0,0,2.337,5141,772.782,415,10009.664,0,1.732,11094,11112,1842,5359,741,4914,3535,2547,45.954,5520,44,0,0,0,0,0,750,490,120,62,0,0,0,0,0,0,0,0,0,0,0,0,51,0,0,39,0,0,0,0,0,0,0,0,384,160,714,46,plateau,46,TRUE,62,51,39,2
144,6.0215,0,4.2333,22.031,0.8,5.3833,37.3528,0.0168,0,3.2833,19.6416,0,25.ápr,0,0,0.442,98.99,3226,0,0.53,1875,205.977,0,0,0,2.175,2995,2465.79,240,5746.015,0,1.345,7165,7247,1142,3149,405,2590,2186,1824,45.9082,3235,8,0,0,0,0,0,370,390,100,0,0,0,0,0,0,0,0,0,0,0,0,0,0,0,0,0,0,0,0,0,0,0,0,0,273,60,319,48,increase,48,TRUE,0,0,0,2
145,6.1546,0,4.2333,22.3702,0.85,5.3833,37.851,0.0168,0,3.2833,19.9662,0,25.ápr,0,0,0.442,98.99,3226,0,0.53,1875,205.977,0,0,0,2.175,2995,2465.79,240,5746.015,0,1.345,7083,7442,1150,3216,572,2689,2338,1756,48,3275,8,0,0,0,0,0,310,360,40,32,0,0,0,0,0,0,0,0,0,0,0,0,29,0,0,13,0,0,0,0,0,0,0,0,225,52,374,48,preplateau,48,TRUE,32,29,13,2
146,6.3034,0,4.2333,22.5464,0.8,5.3833,38.213,0.0168,0,3.2833,20.5848,0,3.95,0,0,0.442,98.99,3226,0,0.53,1875,205.977,0,0,0,2.175,2995,2465.79,240,5746.015,0,1.345,7133,7356,1466,3051,652,2701,2250,1829,47.952,3309,14,0,0,0,0,0,290,400,60,39,0,0,0,0,0,0,0,0,0,0,0,0,30,0,0,12,0,0,0,0,0,0,0,0,274,51,378,48,preplateau,48,TRUE,39,30,12,1
147,6.3433,0,4.1167,22.7112,0.8,5.3833,38.6777,0,0,4.1333,20.9263,0,3.95,0,0,0.442,98.99,3226,0,0.53,1875,205.977,0,0,0,2.175,2995,2465.79,240,5746.015,0,1.345,6150,6708,1070,2901,509,2606,2220,1558,48,3347,10,0,0,0,0,0,310,370,110,38,0,0,0,0,0,0,0,0,0,0,0,0,24,0,0,11,0,0,0,0,0,0,0,0,267,41,334,48,preplateau,48,TRUE,38,24,11,2
148,6.46080000000001,0,4.1167,23.217,0.75,4.55,39.7272,0,0,4.2333,21.2921,0,3.95,0,0,0.445,79.284,3525,0,0.539,2094,229.222,0,0,0,1.969,3382,149.357,232,4522.449,0,1.33,8211,8328,1329,3601,598,3088,2529,1993,47.952,3384,11,0,0,0,0,0,290,390,100,30,0,0,0,0,0,0,0,0,0,0,0,0,27,0,0,14,0,0,0,0,0,0,0,0,211,56,405,48,preplateau,48,TRUE,30,27,14,1
149,6.5582,0,4.1167,23.458,0.75,05.ápr,40.1751,0,0,4.2333,21.5832,0,3.95,0,0,0.445,79.284,3525,0,0.539,2094,229.222,0,0,0,1.969,3382,149.357,232,4522.449,0,1.33,6174,7115,1105,3005,513,2813,2333,1475,48,3422,10,0,0,0,0,0,290,460,140,37,0,0,0,0,0,0,0,0,0,0,0,0,12,0,0,10,0,0,0,0,0,0,0,0,262,40,276,48,preplateau,48,TRUE,37,12,10,1
150,6.60850000000001,0,4.1167,23.5968,0.75,05.ápr,40.6871,0,0,4.2333,21.9743,0,09.márc,0,0,0.445,79.284,3525,0,0.539,2094,229.222,0,0,0,1.969,3382,149.357,232,4522.449,0,1.33,7845,8330,1152,3547,586,3109,2573,1975,47.952,3460,10,0,0,0,0,0,340,410,100,28,0,0,0,0,0,0,0,0,0,0,0,0,24,0,0,10,0,0,0,0,0,0,0,0,200,40,381,48,preplateau,48,TRUE,28,24,10,2
151,6.60850000000001,0,4.1167,23.5968,0.75,05.ápr,40.6871,0,0,4.2333,21.9743,0,09.márc,0,0,0.445,79.284,3525,0,0.539,2094,229.222,0,0,0,1.969,3382,149.357,232,4522.449,0,1.33,12214,9428,2769,5400,2187,5102,3811,3772,47.9042,3496,12,0,0,0,0,0,370,360,50,45,0,0,0,0,0,0,0,0,0,0,0,0,20,0,0,9,0,0,0,0,0,0,0,0,304,36,356,48,preplateau,48,TRUE,45,20,9,2
152,6.7427,0,4.1167,23.946,0.75,05.ápr,41.4408,0,0,4.3333,22.4269,0,09.márc,0,0,0.445,79.284,3525,0,0.539,2094,229.222,0,0,0,1.969,3382,149.357,232,4522.449,0,1.33,7882,8247,1460,3644,661,2961,2406,1814,49,3535,10,0,0,0,0,0,420,400,60,41,0,0,0,0,0,0,0,0,0,0,0,0,20,0,0,12,0,0,0,0,0,0,0,0,297,48,313,48,preplateau,48,TRUE,41,20,12,2
153,6.87569999999999,0,4.0667,24.2373,0.75,05.ápr,41.9724,0,0,04.ápr,22.8156,0,09.márc,0,0,0.475,89.457,3826,0,0.577,2275,320.505,0,0,0,2.132,3693,362.739,242,5487.471,0,1.404,7519,8015,1195,3441,523,2896,2498,1949,47.9042,3577,6,0,0,0,0,0,320,410,120,38,0,0,0,0,0,0,0,0,0,0,0,0,20,0,0,17,0,0,0,0,0,0,0,0,268,68,322,48,preplateau,48,TRUE,38,20,17,2
154,6.992,0,4.0167,24.5534,0.75,05.ápr,42.5951,0,0,04.ápr,23.4021,0,09.márc,0,0,0.475,89.457,3826,0,0.577,2275,320.505,0,0,0,2.132,3693,362.739,242,5487.471,0,1.404,6572,7071,1210,3044,578,2743,2299,1654,47.952,3622,3,0,0,0,0,0,300,370,60,33,0,0,0,0,0,0,0,0,0,0,0,0,27,0,0,18,0,0,0,0,0,0,0,0,219,72,356,48,preplateau,48,TRUE,33,27,18,1
155,7.20869999999999,0,4.0167,24.6587,0.75,05.ápr,43.0855,0,0,04.ápr,23.7403,0,4.85,0,0,0.475,89.457,3826,0,0.577,2275,320.505,0,0,0,2.132,3693,362.739,242,5487.471,0,1.404,8339,8212,1388,3670,603,3030,2433,2027,48,3654,16,0,0,0,0,0,420,420,110,50,0,0,0,0,0,0,0,0,0,0,0,0,26,0,0,19,0,0,0,0,0,0,0,0,355,79,359,48,preplateau,48,TRUE,50,26,19,2
156,7.3105,0,4.0167,25.0591,0.7,05.ápr,44.0875,0,0,04.ápr,24.0108,0,4.85,0,0,0.475,89.457,3826,0,0.577,2275,320.505,0,0,0,2.132,3693,362.739,242,5487.471,0,1.404,8700,8372,1721,3696,747,3120,2536,2040,48,3688,14,0,0,0,0,0,350,400,80,33,0,0,0,0,0,0,0,0,0,0,0,0,26,0,0,17,0,0,0,0,0,0,0,0,237,65,363,48,preplateau,48,TRUE,33,26,17,2
157,7.4757,0,4.0167,25.4132,0.7,5,44.7435,0,0,4.4167,24.4888,0,4.85,0,0,0.475,89.457,3826,0,0.577,2275,320.505,0,0,0,2.132,3693,362.739,242,5487.471,0,1.404,8764,8793,1337,3936,624,3358,2779,2138,47.952,3723,13,0,0,0,0,0,400,370,100,40,0,0,0,0,0,0,0,0,0,0,0,0,29,0,0,21,0,0,0,0,0,0,0,0,275,84,402,48,preplateau,48,TRUE,40,29,21,2
158,7.4543,0,3.8667,25.4977,0.675,05.máj,45.0226,0,0,4.4167,24.6747,0,4.85,0,0,0.4905,108.8615,3917,0,0.606,máj.49,542.3355,0,0,0,2.227,3753,725.691,271,6896.476,0,1.501,8453,8507,1212.5,máj.37,568.5,3206,máj.41,1847,47.952,3759,12,0,0,0,0,0,500,450,110,60,0,0,0,0,0,0,0,0,0,0,0,0,21,0,0,21,0,0,0,0,0,0,0,0,415,84,371,48,preplateau,48,TRUE,60,21,21,2
159,7.4329,0,3.7167,25.5822,0.65,05.máj,45.3017,0,0,4.4167,24.8606,0,4.85,0,0,0.506,128.266,4008,0,0.635,2424,764.166,0,0,0,2.322,3813,1088.643,300,8305.481,0,1.598,8142,8221,1088,3539,513,3054,2504,3914,47.952,3798,9,0,0,0,0,0,420,340,100,44,0,0,0,0,0,0,0,0,0,0,0,0,23,0,0,12,0,0,0,0,0,0,0,0,312,48,372,48,preplateau,48,TRUE,44,23,12,2
160,05.júl,0,3.7167,25.8859,0.65,05.máj,45.9755,0,0,4.4167,25.2112,0,4.85,0,0,0.506,128.266,4008,0,0.635,2424,764.166,0,0,0,2.322,3813,1088.643,300,8305.481,0,1.598,7885,8303,1315,3726,600,3305,2761,1915,47.952,3829,17,0,0,0,0,0,370,370,90,49,0,0,0,0,0,0,0,0,0,0,0,0,21,0,0,21,0,0,0,0,0,0,0,0,346,84,309,48,preplateau,48,TRUE,49,21,21,2
161,7.4341,0,3.7167,26.1544,0.65,05.máj,46.4214,0,0,4.4167,25.4355,0,4.4667,0,0,0.506,128.266,4008,0,0.635,2424,764.166,0,0,0,2.322,3813,1088.643,300,8305.481,0,1.598,7949,8535,1522,3614,650,3235,2652,2066,47.952,3863,14,0,0,0,0,0,320,350,80,33,0,0,0,0,0,0,0,0,0,0,0,0,21,0,0,15,0,0,0,0,0,0,0,0,230,60,349,48,preplateau,48,TRUE,33,21,15,2
162,7.55159999999999,0,3.7167,26.3973,0.6,05.máj,46.8157,0,0,4.3667,26.1965,0,4.4667,0,0,0.506,128.266,4008,0,0.635,2424,764.166,0,0,0,2.322,3813,1088.643,300,8305.481,0,1.598,7496,7799,1376,3608,627,3241,2796,1743,47.952,3902,9,0,0,0,0,0,480,430,140,47,0,0,0,0,0,0,0,0,0,0,0,0,22,0,0,17,0,0,0,0,0,0,0,0,322,68,416,48,preplateau,48,TRUE,47,22,17,2
163,7.6058,0,3.65,26.5959,0.6,5,47.4047,0,0,4.3167,26.6137,0,4.4667,0,0,0.509,131.704,4175,0,0.594,2306,339.891,0,0,0,2.248,3833,446.988,274,6356.919,0,1.45,7487,7961,1238,3457,539,3099,2617,1874,47.952,3937,13,0,0,0,0,0,390,370,50,41,0,0,0,0,0,0,0,0,0,0,0,0,25,0,0,20,0,0,0,0,0,0,0,0,289,80,435,48,preplateau,48,TRUE,41,25,20,2
164,7.80200000000001,0,3.65,26.6813,0.6,4.9167,48.2503,0,0,4.3167,26.9549,0,4.4667,0,0,0.509,131.704,4175,0,0.594,2306,339.891,0,0,0,2.248,3833,446.988,274,6356.919,0,1.45,7322,8028,1094,3417,555,3019,2536,1823,48,3971,14,0,0,0,0,0,440,400,90,48,0,0,0,0,0,0,0,0,0,0,0,0,29,0,0,16,0,0,0,0,0,0,0,0,353,64,444,48,preplateau,48,TRUE,48,29,16,2
165,7.98390000000001,0,3.65,27.1012,0.55,4.9167,48.5618,0,0,4.3167,27.0745,0,4.2667,0,0,0.509,131.704,4175,0,0.594,2306,339.891,0,0,0,2.248,3833,446.988,274,6356.919,0,1.45,8289,8041,1446,3684,632,3258,2698,1773,48.9022,4004,16,0,0,0,0,0,470,400,50,58,0,0,0,0,0,0,0,0,0,0,0,0,26,0,0,18,0,0,0,0,0,0,0,0,398,75,397,48,preplateau,48,TRUE,58,26,18,2
166,8.02585000000001,0,3.65,27.2926,0.5,4.9167,48.80525,0,0,4.3167,27.3496,0,4.2667,0,0,0.509,131.704,4175,0,0.594,2306,339.891,0,0,0,2.248,3833,446.988,274,6356.919,0,1.45,8576,9014,1576,máj.33,737,máj.94,2748,2209,48,4030,22,0,0,0,0,0,460,400,70,58,0,0,0,0,0,0,0,0,0,0,0,0,21,0,0,22,0,0,0,0,0,0,0,0,400,88,303,48,preplateau,48,TRUE,58,21,22,2
167,8.06780000000001,0,3.65,27.2926,0.5,4.9167,49.0487,0,0,4.3167,27.3496,0,4.2667,0,0,0.509,131.704,4175,0,0.594,2306,339.891,0,0,0,2.248,3833,446.988,274,6356.919,0,1.45,8863,9483,2139,3983,1762,3331,3878,3169,48,4060,18,0,0,0,0,0,360,390,90,37,0,0,0,0,0,0,0,0,0,0,0,0,25,0,0,19,0,0,0,0,0,0,0,0,275,73,436,48,preplateau,48,TRUE,37,25,19,2
168,8.1503,0,3.65,27.5943,0.5,4.8667,49.6802,0,0,4.3167,27.7552,0,4.2667,0,0,0.509,131.704,4175,0,0.594,2306,339.891,0,0,0,2.248,3833,446.988,274,6356.919,0,1.45,8099,8011,1440,3778,582,3417,2603,1858,47.952,4099,9,0,0,0,0,0,410,390,100,50,0,0,0,0,0,0,0,0,0,0,0,0,34,0,0,18,0,0,0,0,0,0,0,0,337,72,449,48,preplateau,48,TRUE,50,34,18,2
169,8.31659999999999,0,4.0833,27.7693,0.5,4.85,50.1515,0,0,4.3167,28.0304,0,4.2667,0,0,0.508,114.331,4219,0,0.613,2417,331.215,0,0,0,2.174,3902,352.537,306,7302.679,0,1.525,9200,8786,1536,4205,679,3514,2648,2077,47.952,4130,17,0,0,0,0,0,340,390,80,36,0,0,0,0,0,0,0,0,0,0,0,0,34,0,0,30,0,0,0,0,0,0,0,0,249,121,497,48,preplateau,48,TRUE,36,34,30,2
170,8.5288,0,4.0833,27.9933,0.5,4.85,50.8589,0,0,4.3167,28.8081,0,03.ápr,0,0,0.508,114.331,4219,0,0.613,2417,331.215,0,0,0,2.174,3902,352.537,306,7302.679,0,1.525,8673,8905,1549,3981,618,3359,2815,2095,48,4159,19,0,0,0,0,0,430,470,70,41,0,0,0,0,0,0,0,0,0,0,0,0,31,0,0,30,0,0,0,0,0,0,0,0,288,119,413,48,preplateau,48,TRUE,41,31,30,2
171,8.8028,0,4.0833,28.2125,0.45,4.85,51.3386,0,0,4.3167,29.2736,0,03.ápr,0,0,0.508,114.331,4219,0,0.613,2417,331.215,0,0,0,2.174,3902,352.537,306,7302.679,0,1.525,7861,8078,1571,3611,671,3345,2853,1957,47.952,4199,8,0,0,0,0,0,420,400,70,46,0,0,0,0,0,0,0,0,0,0,0,0,27,0,0,24,0,0,0,0,0,0,0,0,333,96,405,48,preplateau,48,TRUE,46,27,24,2
184,10.0653,0,5.1167,28.9799,0.3,4.3167,57.5257,0,0,4.5833,33.7203,0,4.4167,0,0,0.535,132.149,4641,0,0.792,2589,2358.358,0,0,0,2.304,4165,498.664,365,13145.919,0,1.773,8990,9563,1435,4317,655,3940,2967,2009,47.9042,4586,17,0,0,0,0,0,490,360,90,39,0,0,0,0,0,0,0,0,0,0,0,0,32,0,0,19,0,0,0,0,0,0,0,0,266,76,576,48,preplateau,48,TRUE,39,32,19,2
185,10.1877,0,5.1167,29.1561,0.25,4.3167,57.6534,0,0,4.5833,34.0511,0,4.4167,0,0,0.535,132.149,4641,0,0.792,2589,2358.358,0,0,0,2.304,4165,498.664,365,13145.919,0,1.773,8876,9316,1460,4275,638,3986,3220,2091,48,4609,25,0,0,0,0,0,490,380,120,41,0,0,0,0,0,0,0,0,0,0,0,0,26,0,0,23,0,0,0,0,0,0,0,0,289,92,505,48,preplateau,48,TRUE,41,26,23,2
186,10.3032,0,5.1167,29.4625,0.25,4.3167,58.183,0,0,4.5833,34.8841,0,5.9667,0,0,0.535,132.149,4641,0,0.792,2589,2358.358,0,0,0,2.304,4165,498.664,365,13145.919,0,1.773,9076,8538,1954,3918,767,3600,3071,2087,47.9042,4641,16,0,0,0,0,0,570,390,90,52,0,0,0,0,0,0,0,0,0,0,0,0,24,0,0,21,0,0,0,0,0,0,0,0,363,84,493,48,preplateau,48,TRUE,52,24,21,2
187,10.5809,0,5.1167,29.5808,0.25,4.3167,58.4852,0,0,4.6333,35.2368,0,5.9667,0,0,0.535,132.149,4641,0,0.792,2589,2358.358,0,0,0,2.304,4165,498.664,365,13145.919,0,1.773,9069,9501,1492,4244,625,3884,3103,2147,47.9042,4666,23,0,0,0,0,0,600,400,50,43,0,0,0,0,0,0,0,0,0,0,0,0,29,0,0,24,0,0,0,0,0,0,0,0,302,96,444,48,preplateau,48,TRUE,43,29,24,2
188,10.6796,0,5.0833,30.0744,0.25,4.3167,59.6423,0,0,4.65,35.5895,0,5.9667,0,1,0.618,212.117,5146,0,0.645,2666,353.86,0,0,0,2.262,4460,488.287,383,8480.208,0,1.59,9106,9451,1604,4274,684,3776,2930,2164,47.9042,4686,28,0,0,0,0,0,470,400,100,43,0,0,0,0,0,0,0,0,0,0,0,0,36,0,0,29,0,0,0,0,0,0,0,0,308,116,565,48,preplateau,48,TRUE,43,36,29,2
189,10.7914,0,5.0833,30.323,0.2,03.ápr,60.273,0,0,4.65,35.9469,0,5.9667,0,1,0.618,212.117,5146,0,0.645,2666,353.86,0,0,0,2.262,4460,488.287,383,8480.208,0,1.59,9090,9520,1402,4205,632,3711,2868,2139,47.9042,4716,18,0,0,0,0,0,440,380,60,47,0,0,0,0,0,0,0,0,0,0,0,0,20,0,0,26,0,0,0,0,0,0,0,0,324,104,402,48,preplateau,48,TRUE,47,20,26,2
190,10.795,0,5.0833,30.4465,0.2,03.ápr,60.45155,0,0,4.65,36.1141,0,07.ápr,0,1,0.618,212.117,5146,0,0.645,2666,353.86,0,0,0,2.262,4460,488.287,383,8480.208,0,1.59,8043,8223,1620,3828,685,3717,máj.51,1908,49,4745,20,0,0,0,0,0,460,390,70,54,0,0,0,0,0,0,0,0,0,0,0,0,46,0,0,21,0,0,0,0,0,0,0,0,384,84,593,48,preplateau,48,TRUE,54,46,21,2
191,10.795,0,5.0833,30.4465,0.2,03.ápr,60.6301,0,0,4.65,36.2813,0,07.ápr,0,1,0.618,212.117,5146,0,0.645,2666,353.86,0,0,0,2.262,4460,488.287,383,8480.208,0,1.59,11147,9235,3376,5179,1968,3723,3035,3902,48,4777,16,0,0,0,0,0,490,400,100,44,0,0,0,0,0,0,0,0,0,0,0,0,42,0,0,26,0,0,0,0,0,0,0,0,303,104,622,48,preplateau,48,TRUE,44,42,26,2
192,10.9103,0,5.0833,30.5739,0.2,03.ápr,60.9707,0,0,4.65,36.6381,0,07.ápr,0,1,0.618,212.117,5146,0,0.645,2666,353.86,0,0,0,2.262,4460,488.287,383,8480.208,0,1.59,9975,9656,1967,4634,815,4279,3297,2241,47.952,4794,31,0,0,0,0,0,500,410,80,52,0,0,0,0,0,0,0,0,0,0,0,0,44,0,0,34,0,0,0,0,0,0,0,0,372,136,631,48,preplateau,48,TRUE,52,44,34,2
193,11.0162,0,4.9833,30.8473,0.2,5.0167,61.4127,0,0,4.65,37.0178,0,07.ápr,0,1,0.625,228.019,5247,0,0.639,2797,331.488,0,0,0,2.262,4575,401.724,412,8400.78,0,1.608,9659,9416,1716,4403,691,3946,3146,2252,47.952,4808,34,0,0,0,0,0,460,460,80,44,0,0,0,0,0,0,0,0,0,0,0,0,30,0,0,34,0,0,0,0,0,0,0,0,299,136,513,48,preplateau,48,TRUE,44,30,34,2
212,13.176,0,3.85,34.0119,0,4.9667,69.0772,0.0168,0,4.0833,43.5538,0,4.6833,0,1,0.762,595.215,5814,0,0.782,2954,803.695,0,0,0,2.39,4829,773.617,510,13926.522,0,1.909,8230,8910,1503,4090,589,3694,3266,1905,47.952,5214,32,0,0,0,0,0,600,460,80,44,0,0,0,0,0,0,0,0,0,0,0,0,53,0,0,36,0,0,0,0,0,0,0,0,326,141,810,48,preplateau,48,TRUE,44,53,36,2
213,13.3724,0,01.ápr,34.215,0,5.0167,69.7112,0.0168,0,01.ápr,43.9472,0,4.6833,0,2,0.752,497.796,5837,0,0.776,2767,713.37,0,0,0,2.494,4827,865.862,422,12134.833,0,1.784,10287,10277,1851,4800,767,4349,3366,2307,48,5224,38,0,0,0,0,0,590,460,90,48,0,0,0,0,0,0,0,0,0,0,0,0,42,0,0,21,0,0,0,0,0,0,0,0,326,87,642,48,preplateau,48,TRUE,48,42,21,2
214,13.4606,0,01.ápr,34.31965,0,5.0167,70.1545,0.0168,0,01.ápr,44.4166,0,4.6833,0,2,0.752,497.796,5837,0,0.776,2767,713.37,0,0,0,2.494,4827,865.862,422,12134.833,0,1.784,10075,10221,1642,4887,701,4612,3421,2318,47.9042,5238,34,0,0,0,0,0,640,480,110,59,0,0,0,0,0,0,0,0,0,0,0,0,33,0,0,46,0,0,0,0,0,0,0,0,407,182,578,48,preplateau,48,TRUE,59,33,46,2
215,13.4606,0,01.ápr,34.4243,0,5.0167,70.1545,0.0168,0,01.ápr,44.4166,0,4.6833,0,2,0.752,497.796,5837,0,0.776,2767,713.37,0,0,0,2.494,4827,865.862,422,12134.833,0,1.784,9608,11493,1824,6248,1512,4904,4079,3347,48.951,5259,28,0,0,0,0,0,500,430,100,48,0,0,0,0,0,0,0,0,0,0,0,0,46,0,0,42,0,0,0,0,0,0,0,0,330,168,721,48,preplateau,48,TRUE,48,46,42,2
216,13.5321,0,01.ápr,34.5488,0,5.0167,70.5092,0.0168,0,01.ápr,44.7338,0,4.1333,0,2,0.752,497.796,5837,0,0.776,2767,713.37,0,0,0,2.494,4827,865.862,422,12134.833,0,1.784,10882,9811,2306,4943,885,4461,3254,2369,47.9042,5270,37,0,0,0,0,0,600,440,80,51,0,0,0,0,0,0,0,0,0,0,0,0,42,0,0,43,0,0,0,0,0,0,0,0,362,171,621,48,preplateau,48,TRUE,51,42,43,2
217,13.6562,0,01.ápr,34.7797,0,5.0167,70.8501,0.0168,0,5.0167,45.0309,0,4.1333,0,2,0.752,497.796,5837,0,0.776,2767,713.37,0,0,0,2.494,4827,865.862,422,12134.833,0,1.784,10383,10330,1877,5119,723,4624,3417,2379,47.952,5281,37,0,0,0,0,0,670,490,100,46,0,0,0,0,0,0,0,0,0,0,0,0,59,0,0,31,0,0,0,0,0,0,0,0,343,127,759,48,preplateau,48,TRUE,46,59,31,2
218,13.7209,0,4.1833,34.8881,0,4.5167,71.2437,0.0168,0,5.0833,45.447,0,4.1333,0,2,0.838,467.272,6093,1,0.819,3166,704.934,0,0,0,2.448,5237,1533.419,482,13531.064,0,1.99,8589,9106,1502,4179,606,3928,2921,2081,48.048,5304,25,0,0,0,0,0,860,480,120,57,0,0,0,0,0,0,0,0,0,0,0,0,56,0,0,40,0,0,0,0,0,0,0,0,371,157,735,48,preplateau,48,TRUE,57,56,40,2
219,13.7902,0,04.ápr,34.9279,0,4.4667,71.4118,0.0168,0,5.0833,45.7114,0,4.1333,0,2,0.838,467.272,6093,1,0.819,3166,704.934,0,0,0,2.448,5237,1533.419,482,13531.064,0,1.99,9371,10063,1554,4707,643,4480,3365,2204,47.952,5327,25,0,0,0,0,0,420,420,80,36,0,0,0,0,0,0,0,0,0,0,0,0,44,0,0,34,0,0,0,0,0,0,0,0,265,136,606,48,preplateau,48,TRUE,36,44,34,2
220,13.9601,0,04.ápr,35.0187,0,4.4667,71.8844,0.0168,0,5.0833,45.9866,0,4.4667,0,2,0.838,467.272,6093,1,0.819,3166,704.934,0,0,0,2.448,5237,1533.419,482,13531.064,0,1.99,9682,9236,1765,4536,702,4295,3377,2139,48,5349,26,0,0,0,0,0,660,450,110,55,0,0,0,0,0,0,0,0,0,0,0,0,43,0,0,32,0,0,0,0,0,0,0,0,387,128,720,48,preplateau,48,TRUE,55,43,32,2
221,13.9625,0,04.ápr,35.2122,0,4.4667,72.1727,0.0168,0,5.0833,46.177,0,4.4667,0,2,0.838,467.272,6093,1,0.819,3166,704.934,0,0,0,2.448,5237,1533.419,482,13531.064,0,1.99,9362,9594,1761,4401,726,4382,3397,2185,48,5365,32,0,0,0,0,0,650,450,100,52,0,0,0,0,0,0,0,0,0,0,0,0,52,0,0,40,0,0,0,0,0,0,0,0,363,164,752,48,preplateau,48,TRUE,52,52,40,2
222,14.01275,0,4.325,35.382,0,5.2833,72.5441,0.0168,0,5.0833,46.5685,0,4.4667,0,2,0.838,467.272,6093,1,0.819,3166,704.934,0,0,0,2.448,5237,1533.419,482,13531.064,0,1.99,9758,9805,1848,4958,731,4851,3490,26.máj,48,5380,33,0,0,0,0,0,690,550,120,58,0,0,0,0,0,0,0,0,0,0,0,0,41,0,0,41,0,0,0,0,0,0,0,0,394,160,608,48,preplateau,48,TRUE,58,41,41,2
223,14.063,0,25.ápr,35.382,0,5.2833,72.5441,0.0168,0,5.0833,46.5685,0,4.4667,0,2,0.838,467.272,6093,1,0.819,3166,704.934,0,0,0,2.448,5237,1533.419,482,13531.064,0,1.99,10154,10016,2341,5045,1500,5436,4345,2268,47.952,5394,34,0,0,0,0,0,640,480,100,50,0,0,0,0,0,0,0,0,0,0,0,0,39,0,0,39,0,0,0,0,0,0,0,0,352,156,802,48,preplateau,48,TRUE,50,39,39,2
224,14.2857,0,25.ápr,35.5446,0,5.3333,72.7761,0.0168,0,5.0833,46.8007,0,4.4667,0,2,0.789,388.679,6038,0,0.723,2758,748.859,0,0,0,2.319,4866,524.012,447,10417.504,0,1.672,8722,8845,1527,4119,582,3927,3075,2042,47.952,5401,41,0,0,0,0,0,1350,600,160,60,0,0,0,0,0,0,0,0,0,0,0,0,43,0,0,41,0,0,0,0,0,0,0,0,435,164,653,48,preplateau,48,TRUE,60,43,41,3
225,14.3144,0,25.ápr,35.678,0,5.3333,72.9135,0.0168,0,5.0833,47.0362,0,4.4667,0,2,0.789,388.679,6038,0,0.723,2758,748.859,0,0,0,2.319,4866,524.012,447,10417.504,0,1.672,8157,8253,1615,3991,666,3905,3270,1818,48,5429,20,0,0,0,0,0,590,420,70,47,0,0,0,0,0,0,0,0,0,0,0,0,36,0,0,35,0,0,0,0,0,0,0,0,315,143,560,48,preplateau,48,TRUE,47,36,35,2
226,14.3049,0,25.ápr,35.7203,0,5.3333,73.2953,0.0168,0,5.0833,47.5059,0,4.4667,0,2,0.789,388.679,6038,0,0.723,2758,748.859,0,0,0,2.319,4866,524.012,447,10417.504,0,1.672,10542,10126,1998,4783,801,4319,3260,2419,48,5450,27,0,0,0,0,0,670,460,100,53,0,0,0,0,0,0,0,0,0,0,0,0,53,0,0,36,0,0,0,0,0,0,0,0,372,144,732,48,preplateau,48,TRUE,53,53,36,2
227,14.3744,0,25.ápr,35.7434,0,5.3333,73.5314,0.0168,0,5.1333,47.6709,0,4.4667,0,2,0.789,388.679,6038,0,0.723,2758,748.859,0,0,0,2.319,4866,524.012,447,10417.504,0,1.672,9634,9510,1622,4575,676,4327,3282,2181,47.952,5461,36,1,0,1,0,1,490,390,110,42,0,0,0,0,0,0,0,0,0,0,0,0,48,0,0,40,0,0,0,0,0,0,0,0.027027027027027,304,160,704,48,preplateau,48,FALSE,42,48,40,2
228,14.3409,0,3.8167,35.9579,0,5.2333,74.005,0.0168,0,15.máj,47.939,0,4.4667,0,1,0.683,245.59,5589,0,0.727,2696,482.37,0,0,0,2.281,4593,463.894,443,10308.682,0,1.757,9470,9750,1627,4744,659,4441,3363,2222,47.952,5470,39,0,0,0,0,0,520,440,90,51,0,0,0,0,0,0,0,0,0,0,0,0,41,0,0,41,0,0,0,0,0,0,0,0,340,161,616,48,preplateau,48,FALSE,51,41,41,2
229,14.2833,0,3.8167,36.0122,0,5.2333,74.12665,0.0168,0,15.máj,48.0597,0,4.4667,0,1,0.683,245.59,5589,0,0.727,2696,482.37,0,0,0,2.281,4593,463.894,443,10308.682,0,1.757,10195,máj.49,1645,máj.33,673,3866,3785,2196,48.951,5485,34,0,0,0,0,0,640,500,100,47,0,0,0,0,0,0,0,0,0,0,0,0,70,0,0,45,0,0,0,0,0,0,0,0,352,180,893,48,preplateau,48,FALSE,47,70,45,2
230,14.2833,0,3.8167,36.0122,0,5.2333,74.2483,0.0168,0,15.máj,48.1804,0,4.4667,0,1,0.683,245.59,5589,0,0.727,2696,482.37,0,0,0,2.281,4593,463.894,443,10308.682,0,1.757,6577,10149,1663,4723,687,3656,3811,2592,47.952,5502,31,0,0,0,0,0,610,500,90,45,0,0,0,0,0,0,0,0,0,0,0,0,44,0,0,40,0,0,0,0,0,0,0,0,299,160,672,48,preplateau,48,FALSE,45,44,40,2
231,14.2377,0,3.8167,36.1417,0,5.2333,74.5589,0.0168,0,15.máj,48.4661,0,4.4167,0,1,0.683,245.59,5589,0,0.727,2696,482.37,0,0,0,2.281,4593,463.894,443,10308.682,0,1.757,10333,9335,2053,4666,844,4147,3155,2220,47.952,5508,42,0,0,0,0,0,510,420,70,40,0,0,0,0,0,0,0,0,0,0,0,0,39,0,0,44,0,0,0,0,0,0,0,0,273,176,620,48,preplateau,48,FALSE,40,39,44,2
232,14.3697,0,3.8167,36.3297,0,5.2333,74.8991,0.0168,0,01.máj,48.6332,0,4.4167,0,1,0.683,245.59,5589,0,0.727,2696,482.37,0,0,0,2.281,4593,463.894,443,10308.682,0,1.757,9733,9613,1875,4710,741,4650,3381,2162,47.952,5521,35,0,0,0,0,0,810,470,90,38,0,0,0,0,0,0,0,0,0,0,0,0,41,0,0,43,0,0,0,0,0,0,0,0,276,172,653,48,preplateau,48,TRUE,38,41,43,2
233,14.4993,0,3.85,36.3868,0,4.9833,75.2104,0.0168,0,5.0667,49.2207,0,4.4167,0,2,0.892,550.64,6135,1,0.925,3040,1169.682,0,0,0,2.583,5164,5166.251,463,20133.184,0,2.233,10131,9359,1828,4667,721,4424,3211,2297,48.048,5541,28,0,0,0,0,0,690,470,130,54,0,0,0,0,0,0,0,0,0,0,0,0,48,0,0,36,0,0,0,0,0,0,0,0,376,144,684,48,preplateau,48,TRUE,54,48,36,2
234,14.6194,0,09.márc,36.6118,0,4.9167,75.6561,0.0168,0,5.0667,49.5139,0,4.4167,0,2,0.892,550.64,6135,1,0.925,3040,1169.682,0,0,0,2.583,5164,5166.251,463,20133.184,0,2.233,10368,9592,1905,4800,704,4692,3417,2247,47.9042,5552,37,0,0,0,0,0,680,450,100,50,0,0,0,0,0,0,0,0,0,0,0,0,41,0,0,42,0,0,0,0,0,0,0,0,371,169,622,48,preplateau,48,TRUE,50,41,42,2
235,14.8833,0,09.márc,36.7278,0,4.9167,76.4696,0.0338,0,5.0667,49.6563,0,4.4167,0,2,0.892,550.64,6135,1,0.925,3040,1169.682,0,0,0,2.583,5164,5166.251,463,20133.184,0,2.233,9994,8812,1997,4571,771,4527,3122,2146,48.048,5566,34,0,0,0,0,0,570,420,80,49,0,0,0,0,0,0,0,0,0,0,0,0,48,0,0,37,0,0,0,0,0,0,0,0,332,150,687,48,preplateau,48,TRUE,49,48,37,2
236,14.9101,0,09.márc,37.0081,0,4.9167,77.0389,0.0338,0,5.1167,49.8658,0,4.4167,0,2,0.892,550.64,6135,1,0.925,3040,1169.682,0,0,0,2.583,5164,5166.251,463,20133.184,0,2.233,9642,9227,1815,4408,720,4656,3112,2172,47.952,5575,39,0,0,0,0,0,1420,620,180,63,0,0,0,0,0,0,0,0,0,0,0,0,44,0,0,53,0,0,0,0,0,0,0,0,449,212,654,48,preplateau,48,TRUE,63,44,53,3
237,14.9101,0,09.márc,37.0081,0,4.9167,77.0389,0.0338,0,5.1167,49.8658,0,4.4167,0,2,0.892,550.64,6135,1,0.925,3040,1169.682,0,0,0,2.583,5164,5166.251,463,20133.184,0,2.233,8448,8601,3377,6497,2109,5031,3833,2679,48,5587,36,0,0,0,0,0,810,480,160,50,0,0,0,0,0,0,0,0,0,0,0,0,46,0,0,42,0,0,0,0,0,0,0,0,339,165,713,48,preplateau,48,TRUE,50,46,42,2
238,14.9387,0,09.márc,37.0653,0,4.8667,77.4932,0.0339,0,5.1167,50.1342,0,4.4167,0,2,0.892,550.64,6135,1,0.925,3040,1169.682,0,0,0,2.583,5164,5166.251,463,20133.184,0,2.233,9537,8837,1745,4535,687,4669,3111,2144,48.583,5601,34,0,0,0,0,0,750,450,100,51,0,0,0,0,0,0,0,0,0,0,0,0,42,0,0,35,0,0,0,0,0,0,0,0,342,140,689,48,preplateau,48,TRUE,51,42,35,2
239,14.9605,0,15.máj,37.1249,0,4.8167,77.8136,0.034,0,5.1167,50.453,0,4.4167,0,10,1.453,1786.046,6261,2,1.237,2942,1871.734,0,0,0,4.73,5063,30600.815,501,46317.103,0,3.685,8588,9230,1354,4309,663,4353,3183,2036,47.952,5616,33,0,0,0,0,0,1290,560,160,43,0,0,0,0,0,0,0,0,0,0,0,0,46,0,0,44,0,0,0,0,0,0,0,0,360,176,673,48,preplateau,48,TRUE,43,46,44,3
240,15.068,0,15.máj,37.0527,0,4.8167,78.1287,0.034,0,5.1167,50.8734,0,4.4167,0,10,1.453,1786.046,6261,2,1.237,2942,1871.734,0,0,0,4.73,5063,30600.815,501,46317.103,0,3.685,9205,9424,1721,4435,706,4440,3296,2062,47.9042,5631,33,0,0,0,0,0,1030,480,90,54,0,0,0,0,0,0,0,0,0,0,0,0,42,0,0,42,0,0,0,0,0,0,0,0,327,168,698,48,preplateau,48,TRUE,54,42,42,3
241,15.2761,0,15.máj,37.0232,0,4.8167,78.4064,0.034,0,5.1167,51.1671,0,4.55,0,10,1.453,1786.046,6261,2,1.237,2942,1871.734,0,0,0,4.73,5063,30600.815,501,46317.103,0,3.685,9866,9548,2010,4869,804,4790,3496,2276,48.951,5637,43,0,0,0,0,0,1130,600,210,46,0,0,0,0,0,0,0,0,0,0,0,0,44,0,0,59,0,0,0,0,0,0,0,0,364,239,727,48,preplateau,48,TRUE,46,44,59,3
242,15.3123,0,15.máj,37.1782,0,4.8167,78.8596,0.034,0,4.5167,51.4195,0,4.55,0,10,1.453,1786.046,6261,2,1.237,2942,1871.734,0,0,0,4.73,5063,30600.815,501,46317.103,0,3.685,8908,8749,1540,4261,634,4318,3035,2052,47.9042,5646,39,0,0,0,0,0,3010,1290,400,40,1,0,0,0,0,0,0,0,0,0,0,0,38,0,0,56,0,0,0,0,0,0,0,0,292,222,743,48,preplateau,48,TRUE,41,38,56,3
243,15.2579,0,4.35,37.1342,0,4.6667,78.7832,0.0341,0,4.5167,51.4118,0,4.55,0,4,1.053,877.145,5923,1,0.908,2640,1438.443,0,0,0,06.márc,4756,14950.108,424,23363.604,0,2.285,8426,8644,1701,4075,699,4023,3194,1876,48,5654,40,0,0,0,0,0,4280,1200,500,47,6,0,0,0,0,0,0,0,0,0,0,0,55,0,0,44,0,0,0,0,0,0,0,0,373,176,728,48,preplateau,48,TRUE,53,55,44,3
244,15.2864,0,4.35,37.1699,0,4.6667,78.9402,0.0341,0,4.5167,51.5304,0,4.55,0,4,1.053,877.145,5923,1,0.908,2640,1438.443,0,0,0,06.márc,4756,14950.108,424,23363.604,0,2.285,8919,9453,1495,4313,629,4170,3271,2046,47.9042,5672,30,0,0,0,0,0,1890,790,250,45,0,0,0,0,0,0,0,0,0,0,0,0,47,0,0,44,0,0,0,0,0,0,0,0,332,179,703,48,preplateau,48,TRUE,45,47,44,3
245,15.2864,0,4.35,37.1699,0,4.6667,78.9402,0.0341,0,4.5167,51.5304,0,4.55,0,4,1.053,877.145,5923,1,0.908,2640,1438.443,0,0,0,06.márc,4756,14950.108,424,23363.604,0,2.285,10054,10989,2445,4672,1499,4794,3970,3064,47.952,5666,54,0,0,0,0,0,2540,910,290,55,0,0,0,0,0,0,0,0,0,0,0,0,45,0,0,53,0,0,0,0,0,0,0,0,320,208,638,48,preplateau,48,TRUE,55,45,53,3
246,15.3226,0,4.35,37.1869,0,4.6667,79.0523,0.0341,0,4.5167,51.5966,0,3.5333,0,4,1.053,877.145,5923,1,0.908,2640,1438.443,0,0,0,06.márc,4756,14950.108,424,23363.604,0,2.285,9758,9393,2035,4609,782,4388,3348,2162,48,5680,34,0,0,0,0,0,1020,580,170,50,0,0,0,0,0,0,0,0,0,0,0,0,51,0,0,39,0,0,0,0,0,0,0,0,353,156,708,48,preplateau,48,TRUE,50,51,39,3
247,15.4156,0,4.35,37.229,0,4.6667,79.2022,0.0341,0,4.4667,52.111,0,3.5333,0,4,1.053,877.145,5923,1,0.908,2640,1438.443,0,0,0,06.márc,4756,14950.108,424,23363.604,0,2.285,10267,10042,1787,4808,719,4539,3563,2235,47.952,5688,40,0,0,0,0,0,860,640,120,42,0,0,0,0,0,0,0,0,0,0,0,0,56,0,0,41,0,0,0,0,0,0,0,0,300,167,755,48,preplateau,48,TRUE,42,56,41,2
248,15.5164,0,4.1833,37.2947,0,6.1667,79.2916,0.0341,0,4.3167,52.413,0,3.5333,0,11,1.274,6066.315,6090,1,0.706,2880,442.865,0,0,0,2.336,4936,573.58,484,10859.789,0,1.722,9992,9808,1844,4472,719,4442,3707,2274,48.048,5679,57,0,0,0,0,0,940,1130,180,49,0,0,0,0,0,0,0,0,0,0,0,0,53,0,0,41,0,0,0,0,0,0,0,0,375,161,758,48,preplateau,48,TRUE,49,53,41,2
249,15.5036,0,4.1833,37.4366,0,6.35,79.3121,0.0341,0,4.3167,52.4302,0,3.5333,0,11,1.274,6066.315,6090,1,0.706,2880,442.865,0,0,0,2.336,4936,573.58,484,10859.789,0,1.722,9447,8765,1905,4505,717,4077,3244,1973,47.952,5684,43,0,0,0,0,0,2050,1470,300,47,0,0,0,0,0,0,0,0,0,0,0,0,51,0,0,37,0,0,0,0,0,0,0,0,287,148,716,48,preplateau,48,TRUE,47,51,37,3
250,15.5036,0,4.1833,37.4366,0,6.35,79.3121,0.0341,0,4.3167,52.4474,0,3.5333,0,11,1.274,6066.315,6090,1,0.706,2880,442.865,0,0,0,2.336,4936,573.58,484,10859.789,0,1.722,9342,9730,2445,4538,1492,4782,3912,2821,47.9042,5683,49,0,0,0,0,0,490,690,110,39,0,0,0,0,0,0,0,0,0,0,0,0,43,0,0,52,0,0,0,0,0,0,0,0,277,212,638,48,preplateau,48,TRUE,39,43,52,2
251,15.5851,0,4.1833,37.7999,0,6.35,79.5466,0.0341,0,4.3167,52.6325,0,3.65,0,11,1.274,6066.315,6090,1,0.706,2880,442.865,0,0,0,2.336,4936,573.58,484,10859.789,0,1.722,9358,9162,1938,4458,747,4181,3232,2107,48,5697,34,0,0,0,0,0,550,900,120,47,0,0,0,0,0,0,0,0,0,0,0,0,42,0,0,50,0,0,0,0,0,0,0,0,322,196,638,48,preplateau,48,TRUE,47,42,50,2
252,15.6744,0,4.1833,37.7703,0,6.35,79.5296,0.0341,0,5.0333,52.7166,0,3.65,0,11,1.274,6066.315,6090,1,0.706,2880,442.865,0,0,0,2.336,4936,573.58,484,10859.789,0,1.722,9388,9228,1835,4491,751,4450,3423,2057,47.952,5699,46,0,0,0,0,0,490,530,100,45,0,0,0,0,0,0,0,0,0,0,0,0,43,0,0,39,0,0,0,0,0,0,0,0,322,156,629,48,preplateau,48,TRUE,45,43,39,2
253,15.6523,0,4.2667,37.7071,0,5.5333,79.5703,0.0341,0,5.0833,52.9511,0,3.65,0,1,0.751,303.052,5838,0,0.728,2719,464.334,0,0,0,2.436,4604,2659.69,508,12272.951,0,1.774,10182,9834,1885,4924,743,4645,3496,2296,47.9042,5704,43,0,0,0,0,0,740,690,200,46,0,0,0,0,0,0,0,0,0,0,0,0,45,0,0,70,0,0,0,0,0,0,0,0,320,280,712,48,preplateau,48,TRUE,46,45,70,2
254,15.7647,0,4.2667,37.8739,0,5.6333,79.8875,0.0341,0,5.0833,53.3759,0,3.65,0,1,0.751,303.052,5838,0,0.728,2719,464.334,0,0,0,2.436,4604,2659.69,508,12272.951,0,1.774,10081,9936,1793,4902,710,4754,3469,2243,48.951,5703,50,0,0,0,0,0,620,620,80,49,0,0,0,0,0,0,0,0,0,0,0,0,42,0,0,44,0,0,0,0,0,0,0,0,341,176,701,48,preplateau,48,TRUE,49,42,44,2
255,15.8319,0,4.2667,38.0679,0,5.6333,80.0307,0.0341,0,5.0833,53.5024,0,4.5167,0,1,0.751,303.052,5838,0,0.728,2719,464.334,0,0,0,2.436,4604,2659.69,508,12272.951,0,1.774,10077,10171,1739,4949,690,4719,3563,2314,48,5696,55,0,0,0,0,0,660,690,100,51,0,0,0,0,0,0,0,0,0,0,0,0,50,0,0,39,0,0,0,0,0,0,0,0,356,156,741,48,preplateau,48,TRUE,51,50,39,2
256,15.8514,0,4.2667,38.1186,0,5.6333,80.348,0.0341,0,5.0833,53.6819,0,4.5167,0,1,0.751,303.052,5838,0,0.728,2719,464.334,0,0,0,2.436,4604,2659.69,508,12272.951,0,1.774,9477,9250,1793,09.máj,732.5,3823,3721,2174,48,5686,58,0,0,0,0,0,560,470,90,38,0,0,0,0,0,0,0,0,0,0,0,0,41,0,0,44,0,0,0,0,0,0,0,0,273,176,697,48,preplateau,48,TRUE,38,41,44,2
257,15.8514,0,4.2667,38.1186,0,5.6333,80.348,0.0341,0,5.0833,53.6819,0,4.5167,0,1,0.751,303.052,5838,0,0.728,2719,464.334,0,0,0,2.436,4604,2659.69,508,12272.951,0,1.774,12378,10759,1847,4470,775,4800,5235,3707,47.9042,5692,42,0,0,0,0,0,530,420,80,39,0,0,0,0,0,0,0,0,0,0,0,0,44,0,0,45,0,0,0,0,0,0,0,0,272,183,727,48,preplateau,48,TRUE,39,44,45,2
258,15.961,0,4.1333,38.2616,0,5.5833,80.8442,0.0342,0,01.máj,53.7672,0,4.5167,0,1,0.751,303.052,5838,0,0.728,2719,464.334,0,0,0,2.436,4604,2659.69,508,12272.951,0,1.774,9695,9135,1851,4771,695,4539,3179,2200,48.048,5695,45,0,0,0,0,0,580,430,100,44,0,0,0,0,0,0,0,0,0,0,0,0,40,0,0,41,0,0,0,0,0,0,0,0,308,161,671,48,preplateau,48,TRUE,44,40,41,2
259,15.9355,0,4.2833,38.3654,0,5.5833,81.3742,0.0343,0,01.máj,54.0195,0,4.5167,0,3,1.005,631.601,6349,1,0.939,2991,1442.551,0,0,0,3.508,5203,12776.888,471,28120.501,0,2.583,8960,9119,1724,4203,716,4553,3083,2047,47.952,5708,35,0,0,0,0,0,520,550,80,42,0,0,0,0,0,0,0,0,0,0,0,0,50,0,0,48,0,0,0,0,0,0,0,0,305,192,718,48,preplateau,48,TRUE,42,50,48,2
260,15.9805,0,4.2833,38.3083,0,5.5833,81.6011,0.0344,0,01.máj,márc.54,0,4.7333,0,3,1.005,631.601,6349,1,0.939,2991,1442.551,0,0,0,3.508,5203,12776.888,471,28120.501,0,2.583,9319,8935,1783,4564,743,4453,3379,1922,47.9042,5711,45,0,0,0,0,0,690,460,100,50,0,0,0,0,0,0,0,0,0,0,0,0,52,0,0,45,0,0,0,0,0,0,0,0,340,183,814,48,preplateau,48,TRUE,50,52,45,2
261,15.9106,0,4.2833,38.2785,0,5.5833,81.4853,0.0344,0,01.máj,54.187,0,4.7333,0,3,1.005,631.601,6349,1,0.939,2991,1442.551,0,0,0,3.508,5203,12776.888,471,28120.501,0,2.583,9682,9428,2227,4618,857,4494,3524,2183,47.952,5716,43,0,0,0,0,0,920,510,100,55,0,0,0,0,0,0,0,0,0,0,0,0,49,0,0,45,0,0,0,0,0,0,0,0,376,178,750,48,preplateau,48,TRUE,55,49,45,2
262,16.0786,0,4.1833,38.3499,0,5.5833,81.5604,0.0344,0,01.máj,54.3281,0,4.7333,0,3,1.005,631.601,6349,1,0.939,2991,1442.551,0,0,0,3.508,5203,12776.888,471,28120.501,0,2.583,9569,9823,1775,4732,812,4436,3392,2248,47.952,5726,38,0,0,0,0,0,570,410,80,50,0,0,0,0,0,0,0,0,0,0,0,0,52,0,0,44,0,0,0,0,0,0,0,0,354,175,725,48,preplateau,48,TRUE,50,52,44,2
263,16.0786,0,4.3167,38.4965,0,5.1167,81.8369,0.0344,0,5.0333,54.4504,0,4.7333,0,6,1.062,1268.196,6056,1,0.879,2704,1073.467,0,0,0,2.923,4713,5786.127,507,20597.534,0,2.505,9562,9858,1803,4707,737,4633,3457,2210,48.048,5723,51,0,0,0,0,0,1180,560,230,54,0,0,0,0,0,0,0,0,0,0,0,0,55,0,0,44,0,0,0,0,0,0,0,0,373,179,755,48,preplateau,48,TRUE,54,55,44,3
264,16.0927,0,4.3167,38.595,0,5.1167,82.2536,0.0345,0,5.0333,54.668,0,4.7333,0,6,1.062,1268.196,6056,1,0.879,2704,1073.467,0,0,0,2.923,4713,5786.127,507,20597.534,0,2.505,9509,9360,1831,4661,706,4691,3266,2215,48,5721,50,0,0,0,0,0,1380,790,260,40,0,0,0,0,0,0,0,0,0,0,0,0,47,0,0,42,0,0,0,0,0,0,0,0,344,170,735,48,preplateau,48,TRUE,40,47,42,3
265,16.0927,0,4.3167,38.595,0,5.1167,82.2536,0.0345,0,5.0333,54.668,0,4.7333,0,6,1.062,1268.196,6056,1,0.879,2704,1073.467,0,0,0,2.923,4713,5786.127,507,20597.534,0,2.505,5928,4939,2216,3538,1070,3507,2948,1959,47.952,5734,35,0,0,0,0,0,2020,690,240,58,0,0,0,0,0,0,0,0,0,0,0,0,45,0,0,44,0,0,0,0,0,0,0,0,381,171,639,48,preplateau,48,TRUE,58,45,44,3
266,16.0282,0,4.3167,38.5418,0,5.1167,82.5147,0.0346,0,5.0333,54.6404,0,4.75,0,6,1.062,1268.196,6056,1,0.879,2704,1073.467,0,0,0,2.923,4713,5786.127,507,20597.534,0,2.505,8698,8395,1824,4426,802,4820,2354,1992,47.952,5726,56,0,0,0,0,0,3020,1100,440,42,1,0,0,0,0,0,0,0,0,0,0,0,58,0,0,42,0,0,0,0,0,0,0,0,284,169,834,48,preplateau,48,TRUE,43,58,42,3
267,16.0255,0,4.3167,38.5406,0,5.1167,82.8938,0.0347,0,15.máj,54.6864,0,4.75,0,6,1.062,1268.196,6056,1,0.879,2704,1073.467,0,0,0,2.923,4713,5786.127,507,20597.534,0,2.505,9618,8921,1604,4479,614,4523,2389,2096,47.952,5723,51,0,0,0,0,0,790,460,120,36,0,0,0,0,0,0,0,0,0,0,0,0,53,0,0,51,0,0,0,0,0,0,0,0,239,203,783,48,preplateau,48,TRUE,36,53,51,2
268,16,0,4.5667,38.5082,0,5.1333,83.435,0.0349,0,5.2667,54.7876,0,4.75,0,55,3.149,9038.311,6372,6,1.808,2818,4977.567,0,0,0,4.893,5020,47497.723,478,70356.769,0,4.607,9253,8714,1919,4473,731,4602,2459,2148,49,5729,43,0,0,0,0,0,590,400,90,40,0,0,0,0,0,0,0,0,0,0,0,0,44,0,0,48,0,0,0,0,0,0,0,0,272,195,767,48,preplateau,48,TRUE,40,44,48,2
269,16.04065,0,4.5667,38.5761,0,5.1333,83.61295,0.0262,0,5.2667,54.79605,0,4.75,0,55,3.149,9038.311,6372,6,1.808,2818,4977.567,0,0,0,4.893,5020,47497.723,478,70356.769,0,4.607,máj.92,8756,1892,08.máj,762.5,máj.63,2527,20.máj,47.952,5726,51,0,0,0,0,0,740,560,140,48,0,0,0,0,0,0,0,0,0,0,0,0,46,0,0,44,0,0,0,0,0,0,0,0,352,173,712,48,preplateau,48,TRUE,48,46,44,2
270,16.0813,0,4.5667,38.644,0,5.1333,83.7909,0.0175,0,5.2667,54.8045,0,4.75,0,55,3.149,9038.311,6372,6,1.808,2818,4977.567,0,0,0,4.893,5020,47497.723,478,70356.769,0,4.607,10132,8798,2619,4544,794,4525,2595,2093,47.9042,5736,38,0,0,0,0,0,570,730,90,47,0,0,0,0,0,0,0,0,0,0,0,0,41,0,0,51,0,0,0,0,0,0,0,0,323,206,689,48,preplateau,48,TRUE,47,41,51,2
271,16.213,0,4.5667,38.5211,0,5.1333,84.0869,0.0175,0,5.2667,54.8887,0,4.8333,0,55,3.149,9038.311,6372,6,1.808,2818,4977.567,0,0,0,4.893,5020,47497.723,478,70356.769,0,4.607,9612,8736,1856,4492,855,4663,2537,2212,47.952,5735,49,0,0,0,0,0,1150,1200,370,47,0,0,0,0,0,0,0,0,0,0,0,0,45,0,0,55,0,0,0,0,0,0,0,0,400,222,731,48,preplateau,48,TRUE,47,45,55,3
272,16.2244,0,4.5667,38.5652,0,5.1333,84.437,0.0176,0,5.2667,54.8365,0,4.8333,0,55,3.149,9038.311,6372,6,1.808,2818,4977.567,0,0,0,4.893,5020,47497.723,478,70356.769,0,4.607,9533,9342,1660,4543,627,4487,2619,2152,47.952,5733,50,0,0,0,0,0,3660,1920,830,24,3,0,0,0,0,0,0,0,0,0,0,0,43,0,0,50,0,0,0,0,0,0,0,0,250,213,625,48,preplateau,48,TRUE,27,43,50,3
273,16.2943,0,4.4333,38.6352,0,4.9333,84.9067,0.0176,0,5.35,55.069,0,4.8333,0,68,3.451,10232.899,6032,7,18.febr,2972,7079.642,0,0,0,5.499,4993,42062.405,481,84897.032,0,5.37,9709,8979,1981,4807,758,4592,2322,2190,48,5740,41,0,0,0,0,0,1040,2550,1430,0,17,20,0,0,0,0,0,0,0,0,0,0,53,0,0,48,0,0,0,0,0,0,0,0,335,196,791,48,preplateau,48,TRUE,37,53,48,3
274,16.2662,0,5.0833,38.6689,0,4.8667,85.1545,0.0177,0,5.35,54.9865,0,4.8333,0,68,3.451,10232.899,6032,7,18.febr,2972,7079.642,0,0,0,5.499,4993,42062.405,481,84897.032,0,5.37,8790,8417,1384,4241,641,4446,2321,2122,47.952,5750,38,0,0,0,0,0,1180,2550,1320,0,28,25,0,0,0,0,0,0,0,0,0,0,53,0,0,43,0,0,0,0,0,0,0,0,350,172,731,48,preplateau,48,TRUE,53,53,43,3
275,16.174,0,5.0833,38.5755,0,4.8667,85.4108,0.0177,0,5.35,54.9941,0,4.95,0,68,3.451,10232.899,6032,7,18.febr,2972,7079.642,0,0,0,5.499,4993,42062.405,481,84897.032,0,5.37,9620,8945,1544,4233,658,4452,2170,2132,47.952,5758,40,0,0,0,0,0,9460,2550,1170,0,40,17,0,0,0,0,0,0,0,0,0,0,64,0,0,48,0,0,0,0,0,0,0,0,382,175,823,48,preplateau,48,TRUE,57,64,48,3
276,16.1155,0,5.0833,38.4434,0,4.8667,85.91,0.0178,0,4.4333,55.1608,0,4.95,0,68,3.451,10232.899,6032,7,18.febr,2972,7079.642,0,0,0,5.499,4993,42062.405,481,84897.032,0,5.37,9276,8910,2251,4708,834,5250,2434,2166,48,5754,52,0,0,0,0,0,1780,2620,1730,0,11,27,0,0,0,0,0,0,0,0,0,0,41,0,0,39,0,0,0,0,0,0,0,0,304,167,729,48,preplateau,48,TRUE,38,41,39,3
277,16.1155,0,5.0833,38.4434,0,4.8667,85.91,0.0178,0,4.4333,55.1608,0,4.95,0,68,3.451,10232.899,6032,7,18.febr,2972,7079.642,0,0,0,5.499,4993,42062.405,481,84897.032,0,5.37,7728,7176,1214,6219,839,3517,2307,2315,47.952,5757,45,0,0,0,0,0,3380,2670,1370,0,1,42,0,0,0,0,0,0,0,0,0,0,59,0,0,45,0,0,0,0,0,0,0,0,297,172,851,48,preplateau,48,TRUE,43,59,45,3
278,16.1464,0,4.4833,38.4848,0,4.9167,85.9565,0.0178,0,4.35,55.3106,0,4.95,0,268,6.458,61650.815,6191,13,2.248,2894,6791.702,0,0,0,6.424,5018,17677.048,473,98532.931,0,6.268,9642,9052,1687,4225,622,4499,2241,2143,47.9042,5768,37,0,0,0,0,0,2560,3150,1150,0,8,41,0,0,0,0,0,0,0,0,0,0,36,0,0,47,0,0,0,0,0,0,0,0,382,184,582,48,preplateau,48,TRUE,49,36,47,3
279,16.2584,0,4.4833,38.5496,0,4.9167,86.7193,0.01785,0,4.35,55.363,0,4.95,0,268,6.458,61650.815,6191,13,2.248,2894,6791.702,0,0,0,6.424,5018,17677.048,473,98532.931,0,6.268,10036,9057,1936,máj.96,714,5083,31.máj,1996,47.952,5765,51,0,0,0,0,0,2720,3600,1010,0,7,47,0,0,0,0,0,0,0,0,0,0,43,0,0,46,0,0,0,0,0,0,0,0,375,191,671,48,preplateau,48,TRUE,54,43,46,3
280,16.2584,0,4.4833,38.5496,0,4.9167,86.7193,0.0179,0,4.35,55.4154,0,4.95,0,268,6.458,61650.815,6191,13,2.248,2894,6791.702,0,0,0,6.424,5018,17677.048,473,98532.931,0,6.268,12561,11198,2626,4768,806,5989,2822,3785,48.951,5761,53,0,0,0,0,0,2830,4040,1370,0,1,48,0,0,0,0,0,0,0,0,0,0,39,0,0,36,0,0,0,0,0,0,0,0,335,164,713,48,preplateau,48,TRUE,49,39,36,3
281,16.281,0,4.4833,38.5625,0,4.9167,87.0927,0.018,0,4.35,55.4454,0,4.6167,0,268,6.458,61650.815,6191,13,2.248,2894,6791.702,0,0,0,6.424,5018,17677.048,473,98532.931,0,6.268,9351,8240,1726,4358,679,4044,2393,2182,48,5763,46,0,0,0,0,0,3750,4460,1760,0,0,41,0,0,0,0,0,0,0,0,0,0,38,0,0,42,0,0,0,0,0,0,0,0,364,171,616,48,preplateau,48,TRUE,41,38,42,3
282,16.4097,0,4.4833,38.67,0,4.9167,87.4549,0.0181,0,4.35,55.5033,0,4.6167,0,268,6.458,61650.815,6191,13,2.248,2894,6791.702,0,0,0,6.424,5018,17677.048,473,98532.931,0,6.268,9581,8659,1890,4443,791,4708,2622,2098,47.952,5759,52,0,0,0,0,0,5530,5590,2510,0,0,52,0,0,0,0,0,0,0,0,0,0,63,0,0,45,0,0,0,0,0,0,0,0,379,168,746,48,preplateau,48,TRUE,52,63,45,3
283,16.3819,0,4.35,38.5924,0,5.1167,87.6516,0.0181,0,4.35,55.3838,0,4.6167,0,63,3.584,9624.661,6237,7,2.049,2860,5863.804,0,0,0,4.976,5058,22740.116,468,75354.365,0,5.163,8905,8877,1615,4093,815,4553,2386,2069,48,5767,40,0,0,0,0,0,8000,6210,2100,0,0,50,2,0,0,0,0,0,0,0,0,0,50,0,0,51,1,0,0,0,0,0,0,0,324,200,829,48,preplateau,48,TRUE,52,50,52,3
284,16.3176,0,4.4833,38.6804,0,5.1667,88.2086,0.0182,0,4.35,55.4995,0,4.6167,0,63,3.584,9624.661,6237,7,2.049,2860,5863.804,0,0,0,4.976,5058,22740.116,468,75354.365,0,5.163,9729,9859,1818,4909,689,5043,2326,2185,47.952,5765,50,0,0,0,0,0,7910,4100,1580,0,0,42,0,0,0,0,0,0,0,0,0,0,39,0,0,31,0,0,0,0,0,0,0,0,290,176,590,48,preplateau,48,TRUE,42,39,31,3
285,16.4407,0,4.4833,38.8112,0,5.1667,88.7837,0.0183,0,4.35,55.677,0,5.2667,0,63,3.584,9624.661,6237,7,2.049,2860,5863.804,0,0,0,4.976,5058,22740.116,468,75354.365,0,5.163,8970,8153,1733,4423,700,4341,2283,2145,47.952,5772,41,0,0,0,0,0,7450,6650,2480,0,0,64,1,0,0,0,0,0,0,0,0,0,54,0,0,65,4,0,0,0,0,0,0,0,405,228,741,48,preplateau,48,TRUE,65,54,69,3
286,16.4337,0,4.4833,38.8009,0,5.1667,89.3465,0.0183,0,5.0667,55.621,0,5.2667,0,63,3.584,9624.661,6237,7,2.049,2860,5863.804,0,0,0,4.976,5058,22740.116,468,75354.365,0,5.163,9299,máj.60,1969,4424,790,máj.52,2327,2221,48,5756,64,0,0,0,0,0,3440,4620,1310,0,3,49,0,0,0,0,0,0,0,0,0,0,66,0,0,53,0,0,0,0,0,0,0,0,284,210,849,48,preplateau,48,TRUE,52,66,53,3
287,16.4267,0,4.4833,38.7906,0,5.1667,89.3465,0.0183,0,5.0667,55.621,0,5.2667,0,63,3.584,9624.661,6237,7,2.049,2860,5863.804,0,0,0,4.976,5058,22740.116,468,75354.365,0,5.163,9628,9568,4005,6702,2089,4764,2646,3443,47.952,5767,37,0,0,0,0,0,1170,3300,980,0,23,21,0,0,0,0,0,0,0,0,0,0,34,0,0,56,0,0,0,0,0,0,0,0,307,216,579,48,preplateau,48,TRUE,44,34,56,3
288,16.5244,0,4.35,38.8721,0,5.2167,89.7779,0.0184,0,5.1333,55.7349,0,5.2667,0,63,3.584,9624.661,6237,7,2.049,2860,5863.804,0,0,0,4.976,5058,22740.116,468,75354.365,0,5.163,9621,9070,1833,4621,728,4840,2257,2160,48,5768,47,0,0,0,0,0,9000,5260,1160,0,32,12,0,0,0,0,0,0,0,0,0,0,35,0,0,46,0,0,0,0,0,0,0,0,374,191,737,48,preplateau,48,TRUE,44,35,46,3
289,16.6192,0,4.4833,38.9057,0,5.2667,90.116,0.0184,0,5.1333,55.7686,0,5.2667,0,112,4.825,18493.648,6266,10,2.238,2895,7087.996,0,0,0,8.898,5029,55811.37,489,77837.395,0,5.729,9518,8521,1801,4467,710,4248,2073,2130,48,5764,52,0,0,0,0,0,1260,4340,920,0,25,36,0,0,0,0,0,0,0,0,0,0,45,0,0,48,0,0,0,0,0,0,0,0,309,181,635,48,preplateau,48,TRUE,61,45,48,3
290,16.6695,0,4.4833,38.814,0,5.2667,90.2475,0.0185,0,5.1333,55.7049,0,5.35,0,112,4.825,18493.648,6266,10,2.238,2895,7087.996,0,0,0,8.898,5029,55811.37,489,77837.395,0,5.729,9723,8562,1607,4369,646,4543,2072,2114,47.952,5764,48,0,0,0,0,0,8470,4170,1000,0,37,2,0,0,0,0,0,0,0,0,0,0,55,0,0,51,0,0,0,0,0,0,0,0,358,231,670,48,preplateau,48,TRUE,39,55,51,3
291,16.5718,0,4.4833,38.8655,0,5.2667,90.5185,0.0185,0,5.1333,55.7647,0,5.35,0,112,4.825,18493.648,6266,10,2.238,2895,7087.996,0,0,0,8.898,5029,55811.37,489,77837.395,0,5.729,9841,9185,2095,4761,822,5171,2231,2337,48,5774,38,0,0,0,0,0,1280,5290,1040,0,24,32,0,0,0,0,0,0,0,0,0,0,56,0,0,60,0,0,0,0,0,0,0,0,364,216,806,48,preplateau,48,TRUE,56,56,60,3
292,16.4936,0,15.ápr,38.8936,0,5.2667,90.8213,0.0186,0,5.1333,55.7799,0,5.35,0,112,4.825,18493.648,6266,10,2.238,2895,7087.996,0,0,0,8.898,5029,55811.37,489,77837.395,0,5.729,8560,8599,1569,4125,634,4212,2183,2029,48,5774,48,0,0,0,0,0,1130,3790,1210,0,18,16,0,0,0,0,0,0,0,0,0,0,42,0,0,43,0,0,0,0,0,0,0,0,321,173,784,48,preplateau,48,TRUE,34,42,43,3
293,16.5356,0,5.3833,38.8651,0,5.2667,91.2906,0.0186,0,5.1333,55.7239,0,5.35,0,114.5,5.0025,18992.2265,6224,10,2.406,2910,10224.169,0,0,0,7.2995,máj.35,36499.453,483.5,79559.3435,0,6.1935,9173,8797,1626,4421,680,4792,2335,2020,48.6815,5774,48,0,0,0,0,0,3340,4650,2050,0,3,45,0,0,0,0,0,0,0,0,0,0,47,0,0,43,0,0,0,0,0,0,0,0,372,176,636,48,preplateau,48,TRUE,48,47,43,3
294,16.5356,0,5.3833,38.8366,0,5.2667,91.2906,0.0186,0,5.1333,55.7239,0,5.35,0,117,18.máj,19490.805,6182,10,2.574,2925,13360.342,0,0,0,5.701,5042,17187.536,478,81281.292,0,6.658,9604,11166,2049,6590,1923,4268,3409,3768,47.9042,5775,47,0,0,0,0,0,3880,4220,1980,0,3,51,0,0,0,0,0,0,0,0,0,0,61,0,0,46,0,0,0,0,0,0,0,0,311,181,866,48,preplateau,48,TRUE,54,61,46,3
295,16.4546,0,5.3833,38.8208,0,5.2667,91.4115,0,0,5.1333,55.7145,0,5.35,0,117,18.máj,19490.805,6182,10,2.574,2925,13360.342,0,0,0,5.701,5042,17187.536,478,81281.292,0,6.658,9192,9159,1732,4855,688,4943,2355,2101,48.951,5796,28,0,0,0,0,0,2800,4390,1450,0,4,42,0,0,0,0,0,0,0,0,0,0,43,0,0,45,0,0,0,0,0,0,0,0,337,175,698,48,preplateau,48,TRUE,46,43,45,3
296,16.4351,0,5.3833,38.6723,0,5.2667,91.4067,0,0,5.1333,55.621,0,5.2667,0,117,18.máj,19490.805,6182,10,2.574,2925,13360.342,0,0,0,5.701,5042,17187.536,478,81281.292,0,6.658,8667,7457,1925,3880,802,3208,2496,1923,47.9042,5798,46,0,0,0,0,0,2770,3700,1480,0,1,33,0,0,0,0,0,0,0,0,0,0,29,0,0,25,0,0,0,0,0,0,0,0,300,151,655,48,preplateau,48,TRUE,34,29,25,3
297,16.4379,0,5.3833,38.7319,0,5.2667,91.4409,0,0,01.máj,55.4676,0,04.máj,0,117,18.máj,19490.805,6182,10,2.574,2925,13360.342,0,0,0,5.701,5042,17187.536,478,81281.292,0,6.658,9426,9215,1577,4582,626,4547,2222,2182,47.952,5791,55,0,0,0,0,0,4240,4300,1920,0,2,64,0,0,0,0,0,0,0,0,0,0,53,0,0,71,0,0,0,0,0,0,0,0,391,230,710,48,preplateau,48,TRUE,66,53,71,3
298,16.4157,0,25.máj,38.7666,0,5.2667,91.5701,0,0,5.1167,55.3439,0,04.máj,0,64,3.761,9292.261,6270,7,1.918,2876,4689.168,0,0,0,4.985,5120,15448.47,447,83875.053,0,5.266,9982,8510,2117,4582,811,4583,2354,2233,48.048,5800,39,0,0,0,0,0,2850,4260,1700,0,6,42,0,0,0,0,0,0,0,0,0,0,53,0,0,53,0,0,0,0,0,0,0,0,388,212,753,48,preplateau,48,TRUE,48,53,53,3
299,16.4072,0,4.2667,38.8478,0,5.2667,91.7026,0,0,5.1167,55.3589,0,04.máj,0,64,3.761,9292.261,6270,7,1.918,2876,4689.168,0,0,0,4.985,5120,15448.47,447,83875.053,0,5.266,9248,8791,1700,4447,691,4551,2180,2145,47.9042,5790,58,0,0,0,0,0,4390,4950,2220,0,0,39,0,0,0,0,0,0,0,0,0,0,50,0,0,64,0,0,0,0,0,0,0,0,284,256,692,48,preplateau,48,TRUE,39,50,64,3
300,16.3332,0,4.2667,38.9281,0,5.2667,92.3294,0,0,5.1167,55.4564,0,5.1167,0,64,3.761,9292.261,6270,7,1.918,2876,4689.168,0,0,0,4.985,5120,15448.47,447,83875.053,0,5.266,9362,8840,1633,4179,661.5,4434,máj.79,2198,48,5802,36,0,0,0,0,0,3830,5670,1540,0,4,52,0,0,0,0,0,0,0,0,0,0,43,0,0,41,0,0,0,0,0,0,0,0,322,164,706,48,preplateau,48,TRUE,56,43,41,3
301,16.2592,0,4.2667,38.9281,0,5.2667,92.3294,0,0,5.1167,55.4564,0,5.1167,0,64,3.761,9292.261,6270,7,1.918,2876,4689.168,0,0,0,4.985,5120,15448.47,447,83875.053,0,5.266,9975,6944,1566,5007,632,4317,2379,2640,47.952,5807,43,0,0,0,0,0,3380,4700,1160,0,0,51,0,0,0,0,0,0,0,0,0,0,51,0,0,42,0,0,0,0,0,0,0,0,388,205,613,48,preplateau,48,TRUE,51,51,42,3
302,16.1922,0,4.2667,38.9486,0,5.2667,92.3612,0,0,5.0667,55.2787,0,03.máj,0,64,3.761,9292.261,6270,7,1.918,2876,4689.168,0,0,0,4.985,5120,15448.47,447,83875.053,0,5.266,9357,9188,1723,4300,763,4474,2365,2154,48,5812,43,0,0,0,0,0,4320,4770,1370,0,2,26,0,0,0,0,0,0,0,0,0,0,43,0,0,35,0,0,0,0,0,0,0,0,252,157,770,48,preplateau,48,TRUE,28,43,35,3
303,16.2149,0,3.9167,38.8908,0,5.2667,92.693,0,0,5.0667,55.346,0,03.máj,0,97,4.334,13717.379,6037,9,2.315,2867,9165.084,0,0,0,5.349,4988,33974.509,440,83794.283,0,5.84,8648,9270,1695,4460,690,4833,2188,2118,47.9042,5813,47,0,0,0,0,0,7130,6200,2090,0,0,46,1,0,0,0,0,0,0,0,0,0,58,0,0,50,0,0,0,0,0,0,0,0,364,179,758,48,preplateau,48,TRUE,47,58,50,3
304,16.3211,0,4.1333,39.1239,0,5.1833,93.3296,0,0,5.0667,55.477,0,03.máj,0,97,4.334,13717.379,6037,9,2.315,2867,9165.084,0,0,0,5.349,4988,33974.509,440,83794.283,0,5.84,10042,8322,1619,4392,633,4432,2430,2101,48,5801,60,0,0,0,0,0,9390,5050,1280,0,0,37,10,0,0,0,0,0,0,0,0,0,45,0,0,40,0,0,0,0,0,0,0,0,373,167,652,48,preplateau,48,TRUE,47,45,40,3
305,16.2876,0,4.1333,39.1574,0,5.1833,93.7642,0,0,5.0667,55.4901,0,5.2667,0,97,4.334,13717.379,6037,9,2.315,2867,9165.084,0,0,0,5.349,4988,33974.509,440,83794.283,0,5.84,9058,9653,1479,4770,650,4342,2260,2182,47.952,5802,47,0,0,0,0,0,7990,5320,1890,0,0,52,4,0,0,0,0,0,0,0,0,0,43,0,0,37,0,0,0,0,0,0,0,0,303,141,750,48,preplateau,48,TRUE,56,43,37,3
306,16.3071,0,4.1333,39.1611,0,5.1833,94.0886,0,0,5.0667,55.3833,0,5.45,0,97,4.334,13717.379,6037,9,2.315,2867,9165.084,0,0,0,5.349,4988,33974.509,440,83794.283,0,5.84,9966,8494,2157,4442,630,4070,2523,2244,47.952,5798,51,1,0,1,0,1,8560,6570,2490,0,0,43,6,0,0,0,0,0,0,0,0,0,31,0,0,49,0,0,0,0,0,0,0,0.0192307692307692,409,216,645,48,preplateau,48,FALSE,49,31,49,3
307,16.2736,0,4,39.2689,0,3.7833,94.491,0,0,5.0667,55.3629,0,5.45,0,97,4.334,13717.379,6037,9,2.315,2867,9165.084,0,0,0,5.349,4988,33974.509,440,83794.283,0,5.84,9658,8273,1884,4275,812,4278,2439,1994,47.952,5805,41,0,0,0,0,0,8710,7060,2460,0,1,46,9,0,0,0,0,0,0,0,0,0,55,2,0,69,0,0,0,0,0,0,0,0,385,247,664,48,preplateau,48,FALSE,56,57,69,3
308,16.27635,0,4.06665,39.2719,0,07.márc,94.86545,0,0,5.0667,55.30485,0,5.45,0,121.5,4.6475,18675.167,6109,05.szept,2.256,máj.98,7570.639,0,0,0,6.2145,4984,40453.8635,469,82766.2965,0,5.9685,máj.78,8702,1685.5,máj.50,631,4331,2313,máj.78,48.951,5798,56,0,0,0,0,0,9920,5960,2170,0,0,30,15,0,0,0,0,0,0,0,0,0,52,0,0,45,0,0,0,0,0,0,0,0,330,156,689,48,preplateau,48,FALSE,45,52,45,3
309,16.2791,0,4.1333,39.2719,0,3.6167,95.2399,0,0,5.0667,55.2468,0,5.45,0,146,4.961,23632.955,6181,10,2.197,2930,5976.194,0,0,0,08.júl,4980,46933.218,498,81738.31,0,6.097,9299,9131,1487,4626,1747,5869,2187,2163,47.952,5806,40,0,0,0,0,0,8520,9890,3000,0,0,41,3,0,0,0,0,0,0,0,0,0,11,10,0,37,0,0,0,0,0,0,0,0,376,189,583,48,preplateau,48,FALSE,44,21,37,3
310,16.3518,0,4.1333,39.2821,0,3.6167,95.7676,0,0,5.0667,55.4022,0,5.45,0,146,4.961,23632.955,6181,10,2.197,2930,5976.194,0,0,0,08.júl,4980,46933.218,498,81738.31,0,6.097,9332,8252,1600,4106,496,4324,2253,2076,47.9042,5812,42,0,0,0,0,0,9530,7200,2030,0,0,40,13,0,0,0,0,0,0,0,0,0,71,5,0,83,0,0,0,0,0,0,0,0,332,297,795,48,preplateau,48,FALSE,53,76,83,3
311,16.3603,0,4.1333,39.0976,0,3.6167,96.2199,0,0,5.0667,55.3424,0,02.máj,0,146,4.961,23632.955,6181,10,2.197,2930,5976.194,0,0,0,08.júl,4980,46933.218,498,81738.31,0,6.097,9246,8785,2007,4602,790,4431,2555,2159,48,5801,59,0,0,0,0,0,10020,7870,3480,0,0,32,18,0,0,0,0,0,0,0,0,0,22,6,0,21,6,0,0,0,0,0,0,0,359,109,546,48,preplateau,48,TRUE,50,28,27,3
312,16.4912,0,4.1333,39.2761,0,3.6167,96.6912,0,0,4.35,55.4865,0,5.4833,0,146,4.961,23632.955,6181,10,2.197,2930,5976.194,0,0,0,08.júl,4980,46933.218,498,81738.31,0,6.097,9964,9077,1895,4629,769,3318,2704,2162,48,5789,60,0,0,0,0,0,3260,6720,3130,0,0,7,34,0,0,0,0,0,0,0,0,0,62,0,0,36,0,0,0,0,0,0,0,0,405,143,846,48,preplateau,48,TRUE,41,62,36,3
313,16.5079,0,3.9167,39.266,0,3.7833,97.0297,0,0,03.ápr,55.4154,0,5.4833,0,87,3.84,13946.249,6118,7,2.539,2820,11200.083,0,0,0,8.353,4984,96569.132,468,97803.304,0,6.724,9180,8941,1681,4618,678,4668,2414,2077,47.952,5796,41,0,0,0,0,0,4410,6800,3430,0,0,9,41,0,0,0,0,0,0,0,0,0,43,0,0,43,0,0,0,0,0,0,0,0,313,193,730,48,preplateau,48,TRUE,50,43,43,3
314,16.391,0,4.1667,39.1749,0,3.7333,97.3705,0,0,03.ápr,55.2844,0,5.4833,0,87,3.84,13946.249,6118,7,2.539,2820,11200.083,0,0,0,8.353,4984,96569.132,468,97803.304,0,6.724,8852,8799,1430,4225,612,4674,2201,1998,48,5787,57,0,0,0,0,0,6590,7150,3030,0,0,2,48,3,0,0,0,0,0,0,0,0,46,0,0,56,0,0,0,0,0,0,0,0,311,219,677,48,preplateau,48,TRUE,53,46,56,3
315,16.4411,0,4.1667,38.9831,0,3.7333,97.9812,0,0,03.ápr,55.1945,0,5.2167,0,87,3.84,13946.249,6118,7,2.539,2820,11200.083,0,0,0,8.353,4984,96569.132,468,97803.304,0,6.724,9583,8899,1685,4553,696,4544,2215,2258,47.952,5776,59,0,0,0,0,0,5130,5660,3270,0,0,5,40,0,0,0,0,0,0,0,0,0,42,0,0,42,0,0,0,0,0,0,0,0,324,188,658,48,preplateau,48,TRUE,45,42,42,3
316,16.4411,0,4.1667,38.9831,0,3.7333,97.9812,0,0,03.ápr,55.1945,0,5.2167,0,87,3.84,13946.249,6118,7,2.539,2820,11200.083,0,0,0,8.353,4984,96569.132,468,97803.304,0,6.724,8381,8007,2214,4198,1707,4460,2867,3405,47.9042,5774,50,0,0,0,0,0,3260,5650,2010,0,0,21,33,0,0,0,0,0,0,0,0,0,41,0,0,46,0,0,0,0,0,0,0,0,341,206,721,48,preplateau,48,TRUE,54,41,46,3
317,16.4189,0,4.1667,38.9663,0,3.7333,98.1732,0,0,03.ápr,55.2583,0,5.35,0,87,3.84,13946.249,6118,7,2.539,2820,11200.083,0,0,0,8.353,4984,96569.132,468,97803.304,0,6.724,9428,9299,1738,4625,710,4637,2479,2100,47.952,5780,42,0,0,0,0,0,9700,5210,2620,0,0,41,17,0,0,0,0,0,0,0,0,0,26,0,0,32,0,0,0,0,0,0,0,0,332,160,542,48,preplateau,48,TRUE,58,26,32,3
318,16.3381,0,4.1667,38.9159,0,05.ápr,98.1925,0,0,15.ápr,55.2751,0,5.35,0,95,3.968,14588.502,6145,8,2.079,2853,5295.219,0,0,0,6.256,5046,43579.399,419,90048.809,0,31.máj,9410,8724,1771,4381,707,4714,2620,2085,48,5778,50,0,0,0,0,0,7560,7120,2730,0,0,55,4,0,0,0,0,0,0,0,0,0,62,4,0,77,0,0,0,0,0,0,0,0,334,260,760,48,preplateau,48,TRUE,59,66,77,3
319,16.4468,0,15.ápr,38.9196,0,4.5833,98.1915,0,0,15.ápr,55.3574,0,5.35,0,95,3.968,14588.502,6145,8,2.079,2853,5295.219,0,0,0,6.256,5046,43579.399,419,90048.809,0,31.máj,9402,8343,1830,4428,729,4692,2596,1997,48.3384,5778,48,0,0,0,0,0,5830,6230,1270,0,0,46,0,0,0,0,0,0,0,0,0,0,50,0,0,53,0,0,0,0,0,0,0,0,291,170,791,48,preplateau,48,TRUE,46,50,53,3
320,16.4356,0,15.ápr,38.9831,0,4.5833,98.2339,0,0,15.ápr,55.3313,0,01.máj,0,95,3.968,14588.502,6145,8,2.079,2853,5295.219,0,0,0,6.256,5046,43579.399,419,90048.809,0,31.máj,9414,9461,1511,4528,616,4386,2450,2240,47.952,5780,46,0,0,0,0,0,5420,5980,1650,0,0,44,0,0,0,0,0,0,0,0,0,0,52,0,0,35,0,0,0,0,0,0,0,0,348,145,736,48,preplateau,48,TRUE,44,52,35,3
321,16.4274,0,15.ápr,39.2683,0,4.5833,98.7596,0,0,15.ápr,55.3836,0,5.35,0,95,3.968,14588.502,6145,8,2.079,2853,5295.219,0,0,0,6.256,5046,43579.399,419,90048.809,0,31.máj,9579,8851,1826,4495,729,4511,2571,2143,48.951,5790,39,0,0,0,0,0,4960,4910,1070,0,0,45,0,0,0,0,0,0,0,0,0,0,43,0,0,44,0,0,0,0,0,0,0,0,345,201,586,48,preplateau,48,TRUE,45,43,44,3
322,16.3327,0,01.ápr,39.2624,0,4.7333,99.3088,0,0,4.9667,55.2601,0,5.35,0,95,3.968,14588.502,6145,8,2.079,2853,5295.219,0,0,0,6.256,5046,43579.399,419,90048.809,0,31.máj,9647,8431,1784,4269,706,4277,2679,2160,48,5799,39,0,0,0,0,0,3040,5750,1820,0,2,58,0,0,0,0,0,0,0,0,0,0,50,0,0,57,0,0,0,0,0,0,0,0,327,207,768,48,preplateau,48,TRUE,60,50,57,3
323,16.38,0,02.ápr,39.3731,0,4.9167,99.63455,0,0,5.0667,55.1817,0,5.35,0,71,3.5995,11544.449,6004,7,2.3345,máj.72,14632.933,0,0,0,6.427,máj.59,41708.8305,451,91810.245,0,5.6275,10070,20.máj,1696,4416,685,4100,2559,2256,47.952,5806,41,0,0,0,0,0,2590,5210,1850,0,2,41,0,0,0,0,0,0,0,0,0,0,32,0,0,41,0,0,0,0,0,0,0,0,413,191,515,48,preplateau,48,TRUE,43,32,41,3
324,16.38,0,02.ápr,39.3731,0,4.9167,99.9603,0,0,5.0667,55.1817,0,5.35,0,47,3.231,8500.396,5863,6,2.59,2892,23970.647,0,0,0,6.598,4873,39838.262,483,93571.681,0,5.945,9061,9010,3254,4563,1807,8341,2439,2202,48.731,5795,59,0,0,0,0,0,4390,6590,2340,0,0,50,0,0,0,0,0,0,0,0,0,0,54,0,0,43,0,0,0,0,0,0,0,0,354,166,684,48,preplateau,48,TRUE,50,54,43,3
325,16.2938,0,02.ápr,39.2791,0,4.9167,100,0,0,5.0667,55.1724,0,5.35,0,47,3.231,8500.396,5863,6,2.59,2892,23970.647,0,0,0,6.598,4873,39838.262,483,93571.681,0,5.945,9688,8965,1565,4616,656,4224,2289,2151,48,5805,38,0,0,0,0,0,6160,5300,2490,0,0,45,0,0,0,0,0,0,0,0,0,0,61,0,0,65,0,0,0,0,0,0,0,0,300,229,909,48,preplateau,48,TRUE,45,61,65,3
326,16.3579,0,02.ápr,39.3564,0,4.9167,100,0,0,5.0667,55.1556,0,25.máj,0,47,3.231,8500.396,5863,6,2.59,2892,23970.647,0,0,0,6.598,4873,39838.262,483,93571.681,0,5.945,8872,8358,1890,4180,757,4899,1964,2147,47.952,5794,59,0,0,0,0,0,8810,6100,3460,0,0,32,2,0,0,0,0,0,0,0,0,0,46,0,0,43,0,0,0,0,0,0,0,0,322,167,692,48,preplateau,48,TRUE,34,46,43,3
327,16.2993,0,02.ápr,39.3061,0,4.9167,100,0,0,4.95,55.0622,0,5.4333,0,47,3.231,8500.396,5863,6,2.59,2892,23970.647,0,0,0,6.598,4873,39838.262,483,93571.681,0,5.945,9369,9213,1554,4316,673,4326,2340,2146,48,5782,60,0,0,0,0,0,8990,6250,1710,0,0,58,13,0,0,0,0,0,0,0,0,0,35,0,0,58,0,0,0,0,0,0,0,0,382,236,518,48,preplateau,48,TRUE,71,35,58,3
328,16.2492,0,02.ápr,39.2324,0,4.9167,100,0,0,4.9833,54.8789,0,5.4333,0,405,6.87,63640.248,5967,15,2.093,2817,5247.071,0,0,0,5.168,4941,21856.99,429,93424.729,0,5.389,9325,8599,1844,4521,750,4446,2597,2118,48,5783,47,0,0,0,0,0,4860,5460,2230,0,1,48,0,0,0,0,0,0,0,0,0,0,54,0,0,45,0,0,0,0,0,0,0,0,297,176,783,48,preplateau,48,TRUE,49,54,45,3
329,16.2076,0,4.9333,39.1785,0,09.ápr,100,0,0,4.9833,55.0059,0,5.4333,0,405,6.87,63640.248,5967,15,2.093,2817,5247.071,0,0,0,5.168,4941,21856.99,429,93424.729,0,5.389,8953,9150,1758,4345,728,4665,2392,1886,48.3384,5791,40,0,0,0,0,0,4370,4460,2710,0,0,44,0,0,0,0,0,0,0,0,0,0,33,0,0,43,0,0,0,0,0,0,0,0,317,181,594,48,preplateau,48,TRUE,44,33,43,3
